timestamp,hero_id,matches,wins
2025-02-03T12:27:59.780109,0,2,0
2025-02-03T12:27:59.780109,1046,14,7
2025-02-03T12:27:59.780109,1047,27,9
2025-02-03T12:27:59.780109,1045,31,18
2025-02-03T12:27:59.780109,1033,4,2
2025-02-03T12:27:59.780109,1040,20,11
2025-02-03T12:27:59.780109,1049,12,4
2025-02-03T12:27:59.780109,1032,33,12
2025-02-03T12:27:59.780109,1035,33,18
2025-02-03T12:27:59.780109,1029,17,12
2025-02-03T12:27:59.780109,1052,6,3
2025-02-03T12:27:59.780109,1030,73,38
2025-02-03T12:27:59.780109,1026,15,6
2025-02-03T12:27:59.780109,1023,59,33
2025-02-03T12:27:59.780109,1034,24,12
2025-02-03T12:27:59.780109,1022,11,5
2025-02-03T12:27:59.780109,1024,30,10
2025-02-03T12:27:59.780109,1015,19,15
2025-02-03T12:27:59.780109,1042,45,19
2025-02-03T12:27:59.780109,1016,27,11
2025-02-03T12:27:59.780109,1020,39,18
2025-02-03T12:27:59.780109,1039,36,20
2025-02-03T12:27:59.780109,1021,14,5
2025-02-03T12:27:59.780109,1048,38,22
2025-02-03T12:27:59.780109,1025,117,54
2025-02-03T12:27:59.780109,1036,12,6
2025-02-03T12:27:59.780109,1041,41,23
2025-02-03T12:27:59.780109,1027,69,38
2025-02-03T12:27:59.780109,1018,89,46
2025-02-03T12:27:59.780109,1031,72,40
2025-02-03T12:27:59.780109,1038,18,9
2025-02-03T12:27:59.780109,1037,43,17
2025-02-03T12:27:59.780109,1011,15,10
2025-02-03T12:27:59.780109,1050,71,39
2025-02-03T12:27:59.780109,1014,63,27
2025-02-03T12:27:59.780109,1043,27,11
2025-02-04T09:10:27.392329+00:00,1018,89,46
2025-02-04T09:10:27.392329+00:00,1050,71,39
2025-02-04T09:10:27.392329+00:00,1024,30,10
2025-02-04T09:10:27.392329+00:00,1029,17,12
2025-02-04T09:10:27.392329+00:00,1041,41,23
2025-02-04T09:10:27.392329+00:00,1026,15,6
2025-02-04T09:10:27.392329+00:00,1014,63,27
2025-02-04T09:10:27.392329+00:00,1036,12,6
2025-02-04T09:10:27.392329+00:00,1020,39,18
2025-02-04T09:10:27.392329+00:00,1040,20,11
2025-02-04T09:10:27.392329+00:00,1038,18,9
2025-02-04T09:10:27.392329+00:00,1035,33,18
2025-02-04T09:10:27.392329+00:00,1027,69,38
2025-02-04T09:10:27.392329+00:00,1034,24,12
2025-02-04T09:10:27.392329+00:00,1033,4,2
2025-02-04T09:10:27.392329+00:00,1022,11,5
2025-02-04T09:10:27.392329+00:00,1025,117,54
2025-02-04T09:10:27.392329+00:00,1049,12,4
2025-02-04T09:10:27.392329+00:00,1045,31,18
2025-02-04T09:10:27.392329+00:00,1052,6,3
2025-02-04T09:10:27.392329+00:00,1031,72,40
2025-02-04T09:10:27.392329+00:00,1015,19,15
2025-02-04T09:10:27.392329+00:00,1042,45,19
2025-02-04T09:10:27.392329+00:00,1037,43,17
2025-02-04T09:10:27.392329+00:00,1032,33,12
2025-02-04T09:10:27.392329+00:00,1016,27,11
2025-02-04T09:10:27.392329+00:00,1039,36,20
2025-02-04T09:10:27.392329+00:00,1011,15,10
2025-02-04T09:10:27.392329+00:00,1048,38,22
2025-02-04T09:10:27.392329+00:00,1030,73,38
2025-02-04T09:10:27.392329+00:00,1043,27,11
2025-02-04T10:05:22.590934+00:00,1022,11,5
2025-02-04T10:05:22.590934+00:00,1033,4,2
2025-02-04T10:05:22.590934+00:00,1043,27,11
2025-02-04T10:05:22.590934+00:00,1039,36,20
2025-02-04T10:05:22.590934+00:00,1011,15,10
2025-02-04T10:05:22.590934+00:00,1020,39,18
2025-02-04T10:05:22.590934+00:00,1052,6,3
2025-02-04T10:05:22.590934+00:00,1042,45,19
2025-02-04T10:05:22.590934+00:00,1035,33,18
2025-02-04T10:05:22.590934+00:00,1016,27,11
2025-02-04T10:05:22.590934+00:00,1037,43,17
2025-02-04T10:05:22.590934+00:00,1040,20,11
2025-02-04T10:05:22.590934+00:00,1014,63,27
2025-02-04T10:05:22.590934+00:00,1045,31,18
2025-02-04T10:05:22.590934+00:00,1049,12,4
2025-02-04T10:05:22.590934+00:00,1036,12,6
2025-02-04T10:05:22.590934+00:00,1038,18,9
2025-02-04T10:05:22.590934+00:00,1041,41,23
2025-02-04T10:05:22.590934+00:00,1030,73,38
2025-02-04T10:05:22.590934+00:00,1032,33,12
2025-02-04T10:05:22.590934+00:00,1026,15,6
2025-02-04T10:05:22.590934+00:00,1024,30,10
2025-02-04T10:05:22.590934+00:00,1018,89,46
2025-02-04T10:05:22.590934+00:00,1027,69,38
2025-02-04T10:05:22.590934+00:00,1015,19,15
2025-02-04T10:05:22.590934+00:00,1050,71,39
2025-02-04T10:05:22.590934+00:00,1029,17,12
2025-02-04T10:05:22.590934+00:00,1031,72,40
2025-02-04T10:05:22.590934+00:00,1048,38,22
2025-02-04T10:05:22.590934+00:00,1025,117,54
2025-02-04T10:05:22.590934+00:00,1034,24,12
2025-02-04T12:28:27.471771+00:00,1024,30,10
2025-02-04T12:28:27.471771+00:00,1031,72,40
2025-02-04T12:28:27.471771+00:00,1049,12,4
2025-02-04T12:28:27.471771+00:00,1030,73,38
2025-02-04T12:28:27.471771+00:00,1039,36,20
2025-02-04T12:28:27.471771+00:00,1048,38,22
2025-02-04T12:28:27.471771+00:00,1018,89,46
2025-02-04T12:28:27.471771+00:00,1043,27,11
2025-02-04T12:28:27.471771+00:00,1040,20,11
2025-02-04T12:28:27.471771+00:00,1027,69,38
2025-02-04T12:28:27.471771+00:00,1020,39,18
2025-02-04T12:28:27.471771+00:00,1041,41,23
2025-02-04T12:28:27.471771+00:00,1015,19,15
2025-02-04T12:28:27.471771+00:00,1034,24,12
2025-02-04T12:28:27.471771+00:00,1016,27,11
2025-02-04T12:28:27.471771+00:00,1045,31,18
2025-02-04T12:28:27.471771+00:00,1052,6,3
2025-02-04T12:28:27.471771+00:00,1029,17,12
2025-02-04T12:28:27.471771+00:00,1050,71,39
2025-02-04T12:28:27.471771+00:00,1042,45,19
2025-02-04T12:28:27.471771+00:00,1026,15,6
2025-02-04T12:28:27.471771+00:00,1011,15,10
2025-02-04T12:28:27.471771+00:00,1022,11,5
2025-02-04T12:28:27.471771+00:00,1037,43,17
2025-02-04T12:28:27.471771+00:00,1038,18,9
2025-02-04T12:28:27.471771+00:00,1014,63,27
2025-02-04T12:28:27.471771+00:00,1025,117,54
2025-02-04T12:28:27.471771+00:00,1035,33,18
2025-02-04T12:28:27.471771+00:00,1032,33,12
2025-02-04T12:28:27.471771+00:00,1033,4,2
2025-02-04T12:28:27.471771+00:00,1036,12,6
2025-02-04T18:19:17.836704+00:00,1038,18,9
2025-02-04T18:19:17.836704+00:00,1040,20,11
2025-02-04T18:19:17.836704+00:00,1049,12,4
2025-02-04T18:19:17.836704+00:00,1022,11,5
2025-02-04T18:19:17.836704+00:00,1018,89,46
2025-02-04T18:19:17.836704+00:00,1027,69,38
2025-02-04T18:19:17.836704+00:00,1032,34,13
2025-02-04T18:19:17.836704+00:00,1014,63,27
2025-02-04T18:19:17.836704+00:00,1029,17,12
2025-02-04T18:19:17.836704+00:00,1048,38,22
2025-02-04T18:19:17.836704+00:00,1015,19,15
2025-02-04T18:19:17.836704+00:00,1036,12,6
2025-02-04T18:19:17.836704+00:00,1030,73,38
2025-02-04T18:19:17.836704+00:00,1025,118,55
2025-02-04T18:19:17.836704+00:00,1020,39,18
2025-02-04T18:19:17.836704+00:00,1024,30,10
2025-02-04T18:19:17.836704+00:00,1037,44,18
2025-02-04T18:19:17.836704+00:00,1016,28,12
2025-02-04T18:19:17.836704+00:00,1011,16,11
2025-02-04T18:19:17.836704+00:00,1052,6,3
2025-02-04T18:19:17.836704+00:00,1034,25,13
2025-02-04T18:19:17.836704+00:00,1031,72,40
2025-02-04T18:19:17.836704+00:00,1035,33,18
2025-02-04T18:19:17.836704+00:00,1042,45,19
2025-02-04T18:19:17.836704+00:00,1043,27,11
2025-02-04T18:19:17.836704+00:00,1041,41,23
2025-02-04T18:19:17.836704+00:00,1026,15,6
2025-02-04T18:19:17.836704+00:00,1033,4,2
2025-02-04T18:19:17.836704+00:00,1045,31,18
2025-02-04T18:19:17.836704+00:00,1039,36,20
2025-02-04T18:19:17.836704+00:00,1050,71,39
2025-02-04T18:24:47.038723+00:00,1025,118,55
2025-02-04T18:24:47.038723+00:00,1014,63,27
2025-02-04T18:24:47.038723+00:00,1035,33,18
2025-02-04T18:24:47.038723+00:00,1011,16,11
2025-02-04T18:24:47.038723+00:00,1050,71,39
2025-02-04T18:24:47.038723+00:00,1016,28,12
2025-02-04T18:24:47.038723+00:00,1043,27,11
2025-02-04T18:24:47.038723+00:00,1034,25,13
2025-02-04T18:24:47.038723+00:00,1052,6,3
2025-02-04T18:24:47.038723+00:00,1037,44,18
2025-02-04T18:24:47.038723+00:00,1015,19,15
2025-02-04T18:24:47.038723+00:00,1038,18,9
2025-02-04T18:24:47.038723+00:00,1039,36,20
2025-02-04T18:24:47.038723+00:00,1045,31,18
2025-02-04T18:24:47.038723+00:00,1022,11,5
2025-02-04T18:24:47.038723+00:00,1030,73,38
2025-02-04T18:24:47.038723+00:00,1020,39,18
2025-02-04T18:24:47.038723+00:00,1032,34,13
2025-02-04T18:24:47.038723+00:00,1031,72,40
2025-02-04T18:24:47.038723+00:00,1033,4,2
2025-02-04T18:24:47.038723+00:00,1027,69,38
2025-02-04T18:24:47.038723+00:00,1040,20,11
2025-02-04T18:24:47.038723+00:00,1026,15,6
2025-02-04T18:24:47.038723+00:00,1041,41,23
2025-02-04T18:24:47.038723+00:00,1024,30,10
2025-02-04T18:24:47.038723+00:00,1036,12,6
2025-02-04T18:24:47.038723+00:00,1029,17,12
2025-02-04T18:24:47.038723+00:00,1042,45,19
2025-02-04T18:24:47.038723+00:00,1048,38,22
2025-02-04T18:24:47.038723+00:00,1018,89,46
2025-02-04T18:24:47.038723+00:00,1049,12,4
2025-02-05T01:07:06.398069+00:00,1040,20,11
2025-02-05T01:07:06.398069+00:00,1014,63,27
2025-02-05T01:07:06.398069+00:00,1018,89,46
2025-02-05T01:07:06.398069+00:00,1039,36,20
2025-02-05T01:07:06.398069+00:00,1037,44,18
2025-02-05T01:07:06.398069+00:00,1030,73,38
2025-02-05T01:07:06.398069+00:00,1041,41,23
2025-02-05T01:07:06.398069+00:00,1050,71,39
2025-02-05T01:07:06.398069+00:00,1031,72,40
2025-02-05T01:07:06.398069+00:00,1034,25,13
2025-02-05T01:07:06.398069+00:00,1035,33,18
2025-02-05T01:07:06.398069+00:00,1038,18,9
2025-02-05T01:07:06.398069+00:00,1011,16,11
2025-02-05T01:07:06.398069+00:00,1015,19,15
2025-02-05T01:07:06.398069+00:00,1022,11,5
2025-02-05T01:07:06.398069+00:00,1052,6,3
2025-02-05T01:07:06.398069+00:00,1048,38,22
2025-02-05T01:07:06.398069+00:00,1027,69,38
2025-02-05T01:07:06.398069+00:00,1033,4,2
2025-02-05T01:07:06.398069+00:00,1045,31,18
2025-02-05T01:07:06.398069+00:00,1020,39,18
2025-02-05T01:07:06.398069+00:00,1026,15,6
2025-02-05T01:07:06.398069+00:00,1043,27,11
2025-02-05T01:07:06.398069+00:00,1032,34,13
2025-02-05T01:07:06.398069+00:00,1029,17,12
2025-02-05T01:07:06.398069+00:00,1049,12,4
2025-02-05T01:07:06.398069+00:00,1024,30,10
2025-02-05T01:07:06.398069+00:00,1042,45,19
2025-02-05T01:07:06.398069+00:00,1016,28,12
2025-02-05T01:07:06.398069+00:00,1036,12,6
2025-02-05T01:07:06.398069+00:00,1025,118,55
2025-02-05T06:19:50.014434+00:00,1048,38,22
2025-02-05T06:19:50.014434+00:00,1043,27,11
2025-02-05T06:19:50.014434+00:00,1038,18,9
2025-02-05T06:19:50.014434+00:00,1018,89,46
2025-02-05T06:19:50.014434+00:00,1040,20,11
2025-02-05T06:19:50.014434+00:00,1020,39,18
2025-02-05T06:19:50.014434+00:00,1041,41,23
2025-02-05T06:19:50.014434+00:00,1014,63,27
2025-02-05T06:19:50.014434+00:00,1034,25,13
2025-02-05T06:19:50.014434+00:00,1032,34,13
2025-02-05T06:19:50.014434+00:00,1026,15,6
2025-02-05T06:19:50.014434+00:00,1016,28,12
2025-02-05T06:19:50.014434+00:00,1025,118,55
2025-02-05T06:19:50.014434+00:00,1049,12,4
2025-02-05T06:19:50.014434+00:00,1030,73,38
2025-02-05T06:19:50.014434+00:00,1031,72,40
2025-02-05T06:19:50.014434+00:00,1050,71,39
2025-02-05T06:19:50.014434+00:00,1052,6,3
2025-02-05T06:19:50.014434+00:00,1036,12,6
2025-02-05T06:19:50.014434+00:00,1037,44,18
2025-02-05T06:19:50.014434+00:00,1022,11,5
2025-02-05T06:19:50.014434+00:00,1015,19,15
2025-02-05T06:19:50.014434+00:00,1027,69,38
2025-02-05T06:19:50.014434+00:00,1029,17,12
2025-02-05T06:19:50.014434+00:00,1011,16,11
2025-02-05T06:19:50.014434+00:00,1042,45,19
2025-02-05T06:19:50.014434+00:00,1033,4,2
2025-02-05T06:19:50.014434+00:00,1035,33,18
2025-02-05T06:19:50.014434+00:00,1039,36,20
2025-02-05T06:19:50.014434+00:00,1024,30,10
2025-02-05T06:19:50.014434+00:00,1045,31,18
2025-02-05T12:28:23.786825+00:00,1018,89,46
2025-02-05T12:28:23.786825+00:00,1050,71,39
2025-02-05T12:28:23.786825+00:00,1014,63,27
2025-02-05T12:28:23.786825+00:00,1015,19,15
2025-02-05T12:28:23.786825+00:00,1041,41,23
2025-02-05T12:28:23.786825+00:00,1036,12,6
2025-02-05T12:28:23.786825+00:00,1027,69,38
2025-02-05T12:28:23.786825+00:00,1022,11,5
2025-02-05T12:28:23.786825+00:00,1029,17,12
2025-02-05T12:28:23.786825+00:00,1031,72,40
2025-02-05T12:28:23.786825+00:00,1035,33,18
2025-02-05T12:28:23.786825+00:00,1048,38,22
2025-02-05T12:28:23.786825+00:00,1026,15,6
2025-02-05T12:28:23.786825+00:00,1045,31,18
2025-02-05T12:28:23.786825+00:00,1040,20,11
2025-02-05T12:28:23.786825+00:00,1020,39,18
2025-02-05T12:28:23.786825+00:00,1034,25,13
2025-02-05T12:28:23.786825+00:00,1032,34,13
2025-02-05T12:28:23.786825+00:00,1037,44,18
2025-02-05T12:28:23.786825+00:00,1016,28,12
2025-02-05T12:28:23.786825+00:00,1052,6,3
2025-02-05T12:28:23.786825+00:00,1011,16,11
2025-02-05T12:28:23.786825+00:00,1024,30,10
2025-02-05T12:28:23.786825+00:00,1033,4,2
2025-02-05T12:28:23.786825+00:00,1039,36,20
2025-02-05T12:28:23.786825+00:00,1030,73,38
2025-02-05T12:28:23.786825+00:00,1042,45,19
2025-02-05T12:28:23.786825+00:00,1049,12,4
2025-02-05T12:28:23.786825+00:00,1043,27,11
2025-02-05T12:28:23.786825+00:00,1038,18,9
2025-02-05T12:28:23.786825+00:00,1025,118,55
2025-02-05T18:19:23.506690+00:00,1022,11,5
2025-02-05T18:19:23.506690+00:00,1016,28,12
2025-02-05T18:19:23.506690+00:00,1036,12,6
2025-02-05T18:19:23.506690+00:00,1037,44,18
2025-02-05T18:19:23.506690+00:00,1026,15,6
2025-02-05T18:19:23.506690+00:00,1020,39,18
2025-02-05T18:19:23.506690+00:00,1033,4,2
2025-02-05T18:19:23.506690+00:00,1035,33,18
2025-02-05T18:19:23.506690+00:00,1041,41,23
2025-02-05T18:19:23.506690+00:00,1014,64,28
2025-02-05T18:19:23.506690+00:00,1040,20,11
2025-02-05T18:19:23.506690+00:00,1050,71,39
2025-02-05T18:19:23.506690+00:00,1015,19,15
2025-02-05T18:19:23.506690+00:00,1025,119,56
2025-02-05T18:19:23.506690+00:00,1024,30,10
2025-02-05T18:19:23.506690+00:00,1048,38,22
2025-02-05T18:19:23.506690+00:00,1042,45,19
2025-02-05T18:19:23.506690+00:00,1034,25,13
2025-02-05T18:19:23.506690+00:00,1052,6,3
2025-02-05T18:19:23.506690+00:00,1011,16,11
2025-02-05T18:19:23.506690+00:00,1018,90,47
2025-02-05T18:19:23.506690+00:00,1049,12,4
2025-02-05T18:19:23.506690+00:00,1045,31,18
2025-02-05T18:19:23.506690+00:00,1032,35,14
2025-02-05T18:19:23.506690+00:00,1038,18,9
2025-02-05T18:19:23.506690+00:00,1043,27,11
2025-02-05T18:19:23.506690+00:00,1030,74,39
2025-02-05T18:19:23.506690+00:00,1027,69,38
2025-02-05T18:19:23.506690+00:00,1029,17,12
2025-02-05T18:19:23.506690+00:00,1031,72,40
2025-02-05T18:19:23.506690+00:00,1039,36,20
2025-02-06T01:07:24.564902+00:00,1033,4,2
2025-02-06T01:07:24.564902+00:00,1048,38,22
2025-02-06T01:07:24.564902+00:00,1016,28,12
2025-02-06T01:07:24.564902+00:00,1027,69,38
2025-02-06T01:07:24.564902+00:00,1052,6,3
2025-02-06T01:07:24.564902+00:00,1040,20,11
2025-02-06T01:07:24.564902+00:00,1020,39,18
2025-02-06T01:07:24.564902+00:00,1031,72,40
2025-02-06T01:07:24.564902+00:00,1029,17,12
2025-02-06T01:07:24.564902+00:00,1041,41,23
2025-02-06T01:07:24.564902+00:00,1026,15,6
2025-02-06T01:07:24.564902+00:00,1022,11,5
2025-02-06T01:07:24.564902+00:00,1050,71,39
2025-02-06T01:07:24.564902+00:00,1037,44,18
2025-02-06T01:07:24.564902+00:00,1011,16,11
2025-02-06T01:07:24.564902+00:00,1039,36,20
2025-02-06T01:07:24.564902+00:00,1030,74,39
2025-02-06T01:07:24.564902+00:00,1043,27,11
2025-02-06T01:07:24.564902+00:00,1032,35,14
2025-02-06T01:07:24.564902+00:00,1034,25,13
2025-02-06T01:07:24.564902+00:00,1014,64,28
2025-02-06T01:07:24.564902+00:00,1018,90,47
2025-02-06T01:07:24.564902+00:00,1042,45,19
2025-02-06T01:07:24.564902+00:00,1038,18,9
2025-02-06T01:07:24.564902+00:00,1024,30,10
2025-02-06T01:07:24.564902+00:00,1049,12,4
2025-02-06T01:07:24.564902+00:00,1035,33,18
2025-02-06T01:07:24.564902+00:00,1015,19,15
2025-02-06T01:07:24.564902+00:00,1045,31,18
2025-02-06T01:07:24.564902+00:00,1025,119,56
2025-02-06T01:07:24.564902+00:00,1036,12,6
2025-02-06T06:20:31.225223+00:00,1014,64,28
2025-02-06T06:20:31.225223+00:00,1042,45,19
2025-02-06T06:20:31.225223+00:00,1052,6,3
2025-02-06T06:20:31.225223+00:00,1025,119,56
2025-02-06T06:20:31.225223+00:00,1035,33,18
2025-02-06T06:20:31.225223+00:00,1033,4,2
2025-02-06T06:20:31.225223+00:00,1020,39,18
2025-02-06T06:20:31.225223+00:00,1036,12,6
2025-02-06T06:20:31.225223+00:00,1050,71,39
2025-02-06T06:20:31.225223+00:00,1043,27,11
2025-02-06T06:20:31.225223+00:00,1016,28,12
2025-02-06T06:20:31.225223+00:00,1015,19,15
2025-02-06T06:20:31.225223+00:00,1048,38,22
2025-02-06T06:20:31.225223+00:00,1024,30,10
2025-02-06T06:20:31.225223+00:00,1037,44,18
2025-02-06T06:20:31.225223+00:00,1032,35,14
2025-02-06T06:20:31.225223+00:00,1031,72,40
2025-02-06T06:20:31.225223+00:00,1027,69,38
2025-02-06T06:20:31.225223+00:00,1022,11,5
2025-02-06T06:20:31.225223+00:00,1040,20,11
2025-02-06T06:20:31.225223+00:00,1045,31,18
2025-02-06T06:20:31.225223+00:00,1018,90,47
2025-02-06T06:20:31.225223+00:00,1030,74,39
2025-02-06T06:20:31.225223+00:00,1038,18,9
2025-02-06T06:20:31.225223+00:00,1026,15,6
2025-02-06T06:20:31.225223+00:00,1049,12,4
2025-02-06T06:20:31.225223+00:00,1034,25,13
2025-02-06T06:20:31.225223+00:00,1039,36,20
2025-02-06T06:20:31.225223+00:00,1011,16,11
2025-02-06T06:20:31.225223+00:00,1041,41,23
2025-02-06T06:20:31.225223+00:00,1029,17,12
2025-02-06T12:28:44.845617+00:00,1022,11,5
2025-02-06T12:28:44.845617+00:00,1049,12,4
2025-02-06T12:28:44.845617+00:00,1040,20,11
2025-02-06T12:28:44.845617+00:00,1027,69,38
2025-02-06T12:28:44.845617+00:00,1016,28,12
2025-02-06T12:28:44.845617+00:00,1032,35,14
2025-02-06T12:28:44.845617+00:00,1035,33,18
2025-02-06T12:28:44.845617+00:00,1037,44,18
2025-02-06T12:28:44.845617+00:00,1041,41,23
2025-02-06T12:28:44.845617+00:00,1052,6,3
2025-02-06T12:28:44.845617+00:00,1014,64,28
2025-02-06T12:28:44.845617+00:00,1050,71,39
2025-02-06T12:28:44.845617+00:00,1043,27,11
2025-02-06T12:28:44.845617+00:00,1018,90,47
2025-02-06T12:28:44.845617+00:00,1038,18,9
2025-02-06T12:28:44.845617+00:00,1033,4,2
2025-02-06T12:28:44.845617+00:00,1015,19,15
2025-02-06T12:28:44.845617+00:00,1024,30,10
2025-02-06T12:28:44.845617+00:00,1048,38,22
2025-02-06T12:28:44.845617+00:00,1036,12,6
2025-02-06T12:28:44.845617+00:00,1039,36,20
2025-02-06T12:28:44.845617+00:00,1034,25,13
2025-02-06T12:28:44.845617+00:00,1026,15,6
2025-02-06T12:28:44.845617+00:00,1030,74,39
2025-02-06T12:28:44.845617+00:00,1025,119,56
2025-02-06T12:28:44.845617+00:00,1045,31,18
2025-02-06T12:28:44.845617+00:00,1011,16,11
2025-02-06T12:28:44.845617+00:00,1042,45,19
2025-02-06T12:28:44.845617+00:00,1029,17,12
2025-02-06T12:28:44.845617+00:00,1020,39,18
2025-02-06T12:28:44.845617+00:00,1031,72,40
2025-02-06T18:19:21.308901+00:00,1048,38,22
2025-02-06T18:19:21.308901+00:00,1043,27,11
2025-02-06T18:19:21.308901+00:00,1029,18,13
2025-02-06T18:19:21.308901+00:00,1041,41,23
2025-02-06T18:19:21.308901+00:00,1026,15,6
2025-02-06T18:19:21.308901+00:00,1049,12,4
2025-02-06T18:19:21.308901+00:00,1052,6,3
2025-02-06T18:19:21.308901+00:00,1024,30,10
2025-02-06T18:19:21.308901+00:00,1038,19,10
2025-02-06T18:19:21.308901+00:00,1031,72,40
2025-02-06T18:19:21.308901+00:00,1033,4,2
2025-02-06T18:19:21.308901+00:00,1015,19,15
2025-02-06T18:19:21.308901+00:00,1037,45,19
2025-02-06T18:19:21.308901+00:00,1035,33,18
2025-02-06T18:19:21.308901+00:00,1042,45,19
2025-02-06T18:19:21.308901+00:00,1045,31,18
2025-02-06T18:19:21.308901+00:00,1020,39,18
2025-02-06T18:19:21.308901+00:00,1027,69,38
2025-02-06T18:19:21.308901+00:00,1034,25,13
2025-02-06T18:19:21.308901+00:00,1011,16,11
2025-02-06T18:19:21.308901+00:00,1032,35,14
2025-02-06T18:19:21.308901+00:00,1022,11,5
2025-02-06T18:19:21.308901+00:00,1018,90,47
2025-02-06T18:19:21.308901+00:00,1050,71,39
2025-02-06T18:19:21.308901+00:00,1014,64,28
2025-02-06T18:19:21.308901+00:00,1040,20,11
2025-02-06T18:19:21.308901+00:00,1025,120,57
2025-02-06T18:19:21.308901+00:00,1030,74,39
2025-02-06T18:19:21.308901+00:00,1039,37,21
2025-02-06T18:19:21.308901+00:00,1016,28,12
2025-02-06T18:19:21.308901+00:00,1036,12,6
2025-02-07T01:07:35.949977+00:00,1022,11,5
2025-02-07T01:07:35.949977+00:00,1035,33,18
2025-02-07T01:07:35.949977+00:00,1049,12,4
2025-02-07T01:07:35.949977+00:00,1016,28,12
2025-02-07T01:07:35.949977+00:00,1042,45,19
2025-02-07T01:07:35.949977+00:00,1026,15,6
2025-02-07T01:07:35.949977+00:00,1033,4,2
2025-02-07T01:07:35.949977+00:00,1048,38,22
2025-02-07T01:07:35.949977+00:00,1024,30,10
2025-02-07T01:07:35.949977+00:00,1041,41,23
2025-02-07T01:07:35.949977+00:00,1011,16,11
2025-02-07T01:07:35.949977+00:00,1014,64,28
2025-02-07T01:07:35.949977+00:00,1032,35,14
2025-02-07T01:07:35.949977+00:00,1031,72,40
2025-02-07T01:07:35.949977+00:00,1040,20,11
2025-02-07T01:07:35.949977+00:00,1039,37,21
2025-02-07T01:07:35.949977+00:00,1038,19,10
2025-02-07T01:07:35.949977+00:00,1037,45,19
2025-02-07T01:07:35.949977+00:00,1043,27,11
2025-02-07T01:07:35.949977+00:00,1029,18,13
2025-02-07T01:07:35.949977+00:00,1018,90,47
2025-02-07T01:07:35.949977+00:00,1015,19,15
2025-02-07T01:07:35.949977+00:00,1036,12,6
2025-02-07T01:07:35.949977+00:00,1025,120,57
2025-02-07T01:07:35.949977+00:00,1045,31,18
2025-02-07T01:07:35.949977+00:00,1034,25,13
2025-02-07T01:07:35.949977+00:00,1030,74,39
2025-02-07T01:07:35.949977+00:00,1027,69,38
2025-02-07T01:07:35.949977+00:00,1050,71,39
2025-02-07T01:07:35.949977+00:00,1052,6,3
2025-02-07T01:07:35.949977+00:00,1020,39,18
2025-02-07T06:20:30.766289+00:00,1020,39,18
2025-02-07T06:20:30.766289+00:00,1040,20,11
2025-02-07T06:20:30.766289+00:00,1050,71,39
2025-02-07T06:20:30.766289+00:00,1018,90,47
2025-02-07T06:20:30.766289+00:00,1016,28,12
2025-02-07T06:20:30.766289+00:00,1037,45,19
2025-02-07T06:20:30.766289+00:00,1030,74,39
2025-02-07T06:20:30.766289+00:00,1025,120,57
2025-02-07T06:20:30.766289+00:00,1045,31,18
2025-02-07T06:20:30.766289+00:00,1052,6,3
2025-02-07T06:20:30.766289+00:00,1042,45,19
2025-02-07T06:20:30.766289+00:00,1029,18,13
2025-02-07T06:20:30.766289+00:00,1033,4,2
2025-02-07T06:20:30.766289+00:00,1032,35,14
2025-02-07T06:20:30.766289+00:00,1041,41,23
2025-02-07T06:20:30.766289+00:00,1011,16,11
2025-02-07T06:20:30.766289+00:00,1043,27,11
2025-02-07T06:20:30.766289+00:00,1035,33,18
2025-02-07T06:20:30.766289+00:00,1031,72,40
2025-02-07T06:20:30.766289+00:00,1015,19,15
2025-02-07T06:20:30.766289+00:00,1022,11,5
2025-02-07T06:20:30.766289+00:00,1034,25,13
2025-02-07T06:20:30.766289+00:00,1014,64,28
2025-02-07T06:20:30.766289+00:00,1039,37,21
2025-02-07T06:20:30.766289+00:00,1024,30,10
2025-02-07T06:20:30.766289+00:00,1049,12,4
2025-02-07T06:20:30.766289+00:00,1027,69,38
2025-02-07T06:20:30.766289+00:00,1026,15,6
2025-02-07T06:20:30.766289+00:00,1048,38,22
2025-02-07T06:20:30.766289+00:00,1036,12,6
2025-02-07T06:20:30.766289+00:00,1038,19,10
2025-02-07T12:27:55.519567+00:00,1016,28,12
2025-02-07T12:27:55.519567+00:00,1015,19,15
2025-02-07T12:27:55.519567+00:00,1034,25,13
2025-02-07T12:27:55.519567+00:00,1039,37,21
2025-02-07T12:27:55.519567+00:00,1040,20,11
2025-02-07T12:27:55.519567+00:00,1043,27,11
2025-02-07T12:27:55.519567+00:00,1041,41,23
2025-02-07T12:27:55.519567+00:00,1042,45,19
2025-02-07T12:27:55.519567+00:00,1030,74,39
2025-02-07T12:27:55.519567+00:00,1029,18,13
2025-02-07T12:27:55.519567+00:00,1049,12,4
2025-02-07T12:27:55.519567+00:00,1050,71,39
2025-02-07T12:27:55.519567+00:00,1027,69,38
2025-02-07T12:27:55.519567+00:00,1026,15,6
2025-02-07T12:27:55.519567+00:00,1036,12,6
2025-02-07T12:27:55.519567+00:00,1038,19,10
2025-02-07T12:27:55.519567+00:00,1022,11,5
2025-02-07T12:27:55.519567+00:00,1014,64,28
2025-02-07T12:27:55.519567+00:00,1025,120,57
2025-02-07T12:27:55.519567+00:00,1033,4,2
2025-02-07T12:27:55.519567+00:00,1032,35,14
2025-02-07T12:27:55.519567+00:00,1011,16,11
2025-02-07T12:27:55.519567+00:00,1037,45,19
2025-02-07T12:27:55.519567+00:00,1024,30,10
2025-02-07T12:27:55.519567+00:00,1031,72,40
2025-02-07T12:27:55.519567+00:00,1052,6,3
2025-02-07T12:27:55.519567+00:00,1048,38,22
2025-02-07T12:27:55.519567+00:00,1035,33,18
2025-02-07T12:27:55.519567+00:00,1020,39,18
2025-02-07T12:27:55.519567+00:00,1045,31,18
2025-02-07T12:27:55.519567+00:00,1018,90,47
2025-02-07T18:19:09.980552+00:00,1031,72,40
2025-02-07T18:19:09.980552+00:00,1040,20,11
2025-02-07T18:19:09.980552+00:00,1038,19,10
2025-02-07T18:19:09.980552+00:00,1016,28,12
2025-02-07T18:19:09.980552+00:00,1022,11,5
2025-02-07T18:19:09.980552+00:00,1043,27,11
2025-02-07T18:19:09.980552+00:00,1039,37,21
2025-02-07T18:19:09.980552+00:00,1029,18,13
2025-02-07T18:19:09.980552+00:00,1015,19,15
2025-02-07T18:19:09.980552+00:00,1034,25,13
2025-02-07T18:19:09.980552+00:00,1050,71,39
2025-02-07T18:19:09.980552+00:00,1033,4,2
2025-02-07T18:19:09.980552+00:00,1041,41,23
2025-02-07T18:19:09.980552+00:00,1025,120,57
2025-02-07T18:19:09.980552+00:00,1032,35,14
2025-02-07T18:19:09.980552+00:00,1011,16,11
2025-02-07T18:19:09.980552+00:00,1049,12,4
2025-02-07T18:19:09.980552+00:00,1042,45,19
2025-02-07T18:19:09.980552+00:00,1036,12,6
2025-02-07T18:19:09.980552+00:00,1018,90,47
2025-02-07T18:19:09.980552+00:00,1030,74,39
2025-02-07T18:19:09.980552+00:00,1048,38,22
2025-02-07T18:19:09.980552+00:00,1052,6,3
2025-02-07T18:19:09.980552+00:00,1026,15,6
2025-02-07T18:19:09.980552+00:00,1045,31,18
2025-02-07T18:19:09.980552+00:00,1037,45,19
2025-02-07T18:19:09.980552+00:00,1035,33,18
2025-02-07T18:19:09.980552+00:00,1027,69,38
2025-02-07T18:19:09.980552+00:00,1014,64,28
2025-02-07T18:19:09.980552+00:00,1024,30,10
2025-02-07T18:19:09.980552+00:00,1020,39,18
2025-02-08T01:05:26.471424+00:00,1041,41,23
2025-02-08T01:05:26.471424+00:00,1030,74,39
2025-02-08T01:05:26.471424+00:00,1027,69,38
2025-02-08T01:05:26.471424+00:00,1049,12,4
2025-02-08T01:05:26.471424+00:00,1037,45,19
2025-02-08T01:05:26.471424+00:00,1015,19,15
2025-02-08T01:05:26.471424+00:00,1038,19,10
2025-02-08T01:05:26.471424+00:00,1026,15,6
2025-02-08T01:05:26.471424+00:00,1048,38,22
2025-02-08T01:05:26.471424+00:00,1022,11,5
2025-02-08T01:05:26.471424+00:00,1018,90,47
2025-02-08T01:05:26.471424+00:00,1050,71,39
2025-02-08T01:05:26.471424+00:00,1016,28,12
2025-02-08T01:05:26.471424+00:00,1034,25,13
2025-02-08T01:05:26.471424+00:00,1014,64,28
2025-02-08T01:05:26.471424+00:00,1035,33,18
2025-02-08T01:05:26.471424+00:00,1025,120,57
2025-02-08T01:05:26.471424+00:00,1032,35,14
2025-02-08T01:05:26.471424+00:00,1040,20,11
2025-02-08T01:05:26.471424+00:00,1043,27,11
2025-02-08T01:05:26.471424+00:00,1031,72,40
2025-02-08T01:05:26.471424+00:00,1033,4,2
2025-02-08T01:05:26.471424+00:00,1036,12,6
2025-02-08T01:05:26.471424+00:00,1011,16,11
2025-02-08T01:05:26.471424+00:00,1042,45,19
2025-02-08T01:05:26.471424+00:00,1020,39,18
2025-02-08T01:05:26.471424+00:00,1045,31,18
2025-02-08T01:05:26.471424+00:00,1039,37,21
2025-02-08T01:05:26.471424+00:00,1029,18,13
2025-02-08T01:05:26.471424+00:00,1052,6,3
2025-02-08T01:05:26.471424+00:00,1024,30,10
2025-02-08T06:18:05.551638+00:00,1048,38,22
2025-02-08T06:18:05.551638+00:00,1030,74,39
2025-02-08T06:18:05.551638+00:00,1011,16,11
2025-02-08T06:18:05.551638+00:00,1032,35,14
2025-02-08T06:18:05.551638+00:00,1050,71,39
2025-02-08T06:18:05.551638+00:00,1049,12,4
2025-02-08T06:18:05.551638+00:00,1016,28,12
2025-02-08T06:18:05.551638+00:00,1020,39,18
2025-02-08T06:18:05.551638+00:00,1026,15,6
2025-02-08T06:18:05.551638+00:00,1040,20,11
2025-02-08T06:18:05.551638+00:00,1042,45,19
2025-02-08T06:18:05.551638+00:00,1036,12,6
2025-02-08T06:18:05.551638+00:00,1031,72,40
2025-02-08T06:18:05.551638+00:00,1035,33,18
2025-02-08T06:18:05.551638+00:00,1025,120,57
2025-02-08T06:18:05.551638+00:00,1045,31,18
2025-02-08T06:18:05.551638+00:00,1029,18,13
2025-02-08T06:18:05.551638+00:00,1033,4,2
2025-02-08T06:18:05.551638+00:00,1014,64,28
2025-02-08T06:18:05.551638+00:00,1027,69,38
2025-02-08T06:18:05.551638+00:00,1039,37,21
2025-02-08T06:18:05.551638+00:00,1038,19,10
2025-02-08T06:18:05.551638+00:00,1018,90,47
2025-02-08T06:18:05.551638+00:00,1041,41,23
2025-02-08T06:18:05.551638+00:00,1043,27,11
2025-02-08T06:18:05.551638+00:00,1052,6,3
2025-02-08T06:18:05.551638+00:00,1034,25,13
2025-02-08T06:18:05.551638+00:00,1037,45,19
2025-02-08T06:18:05.551638+00:00,1022,11,5
2025-02-08T06:18:05.551638+00:00,1015,19,15
2025-02-08T06:18:05.551638+00:00,1024,30,10
2025-02-08T12:25:09.913040+00:00,1029,18,13
2025-02-08T12:25:09.913040+00:00,1040,20,11
2025-02-08T12:25:09.913040+00:00,1018,90,47
2025-02-08T12:25:09.913040+00:00,1026,15,6
2025-02-08T12:25:09.913040+00:00,1041,41,23
2025-02-08T12:25:09.913040+00:00,1011,16,11
2025-02-08T12:25:09.913040+00:00,1022,11,5
2025-02-08T12:25:09.913040+00:00,1014,64,28
2025-02-08T12:25:09.913040+00:00,1038,19,10
2025-02-08T12:25:09.913040+00:00,1032,35,14
2025-02-08T12:25:09.913040+00:00,1050,71,39
2025-02-08T12:25:09.913040+00:00,1037,45,19
2025-02-08T12:25:09.913040+00:00,1039,37,21
2025-02-08T12:25:09.913040+00:00,1027,69,38
2025-02-08T12:25:09.913040+00:00,1045,31,18
2025-02-08T12:25:09.913040+00:00,1043,27,11
2025-02-08T12:25:09.913040+00:00,1030,74,39
2025-02-08T12:25:09.913040+00:00,1042,45,19
2025-02-08T12:25:09.913040+00:00,1020,39,18
2025-02-08T12:25:09.913040+00:00,1033,4,2
2025-02-08T12:25:09.913040+00:00,1016,28,12
2025-02-08T12:25:09.913040+00:00,1034,25,13
2025-02-08T12:25:09.913040+00:00,1031,72,40
2025-02-08T12:25:09.913040+00:00,1025,120,57
2025-02-08T12:25:09.913040+00:00,1015,19,15
2025-02-08T12:25:09.913040+00:00,1036,12,6
2025-02-08T12:25:09.913040+00:00,1052,6,3
2025-02-08T12:25:09.913040+00:00,1049,12,4
2025-02-08T12:25:09.913040+00:00,1035,33,18
2025-02-08T12:25:09.913040+00:00,1024,30,10
2025-02-08T12:25:09.913040+00:00,1048,38,22
2025-02-09T01:10:58.694333+00:00,1040,20,11
2025-02-09T01:10:58.694333+00:00,1041,41,23
2025-02-09T01:10:58.694333+00:00,1050,71,39
2025-02-09T01:10:58.694333+00:00,1032,35,14
2025-02-09T01:10:58.694333+00:00,1026,15,6
2025-02-09T01:10:58.694333+00:00,1022,11,5
2025-02-09T01:10:58.694333+00:00,1030,74,39
2025-02-09T01:10:58.694333+00:00,1039,37,21
2025-02-09T01:10:58.694333+00:00,1036,12,6
2025-02-09T01:10:58.694333+00:00,1035,33,18
2025-02-09T01:10:58.694333+00:00,1038,19,10
2025-02-09T01:10:58.694333+00:00,1015,19,15
2025-02-09T01:10:58.694333+00:00,1048,38,22
2025-02-09T01:10:58.694333+00:00,1042,45,19
2025-02-09T01:10:58.694333+00:00,1020,39,18
2025-02-09T01:10:58.694333+00:00,1033,4,2
2025-02-09T01:10:58.694333+00:00,1027,69,38
2025-02-09T01:10:58.694333+00:00,1037,45,19
2025-02-09T01:10:58.694333+00:00,1011,16,11
2025-02-09T01:10:58.694333+00:00,1014,64,28
2025-02-09T01:10:58.694333+00:00,1016,28,12
2025-02-09T01:10:58.694333+00:00,1043,27,11
2025-02-09T01:10:58.694333+00:00,1018,90,47
2025-02-09T01:10:58.694333+00:00,1024,30,10
2025-02-09T01:10:58.694333+00:00,1045,31,18
2025-02-09T01:10:58.694333+00:00,1029,18,13
2025-02-09T01:10:58.694333+00:00,1052,6,3
2025-02-09T01:10:58.694333+00:00,1031,72,40
2025-02-09T01:10:58.694333+00:00,1034,25,13
2025-02-09T01:10:58.694333+00:00,1049,12,4
2025-02-09T01:10:58.694333+00:00,1025,120,57
2025-02-09T06:18:40.659106+00:00,1020,39,18
2025-02-09T06:18:40.659106+00:00,1033,4,2
2025-02-09T06:18:40.659106+00:00,1011,16,11
2025-02-09T06:18:40.659106+00:00,1045,31,18
2025-02-09T06:18:40.659106+00:00,1037,45,19
2025-02-09T06:18:40.659106+00:00,1030,74,39
2025-02-09T06:18:40.659106+00:00,1014,64,28
2025-02-09T06:18:40.659106+00:00,1052,6,3
2025-02-09T06:18:40.659106+00:00,1041,41,23
2025-02-09T06:18:40.659106+00:00,1026,15,6
2025-02-09T06:18:40.659106+00:00,1015,19,15
2025-02-09T06:18:40.659106+00:00,1018,90,47
2025-02-09T06:18:40.659106+00:00,1024,30,10
2025-02-09T06:18:40.659106+00:00,1035,33,18
2025-02-09T06:18:40.659106+00:00,1048,38,22
2025-02-09T06:18:40.659106+00:00,1032,35,14
2025-02-09T06:18:40.659106+00:00,1050,71,39
2025-02-09T06:18:40.659106+00:00,1043,27,11
2025-02-09T06:18:40.659106+00:00,1039,37,21
2025-02-09T06:18:40.659106+00:00,1049,12,4
2025-02-09T06:18:40.659106+00:00,1025,120,57
2025-02-09T06:18:40.659106+00:00,1031,72,40
2025-02-09T06:18:40.659106+00:00,1034,25,13
2025-02-09T06:18:40.659106+00:00,1038,19,10
2025-02-09T06:18:40.659106+00:00,1040,20,11
2025-02-09T06:18:40.659106+00:00,1027,69,38
2025-02-09T06:18:40.659106+00:00,1036,12,6
2025-02-09T06:18:40.659106+00:00,1016,28,12
2025-02-09T06:18:40.659106+00:00,1022,11,5
2025-02-09T06:18:40.659106+00:00,1029,18,13
2025-02-09T06:18:40.659106+00:00,1042,45,19
2025-02-09T12:24:52.952534+00:00,1050,71,39
2025-02-09T12:24:52.952534+00:00,1041,41,23
2025-02-09T12:24:52.952534+00:00,1016,28,12
2025-02-09T12:24:52.952534+00:00,1015,19,15
2025-02-09T12:24:52.952534+00:00,1039,37,21
2025-02-09T12:24:52.952534+00:00,1034,25,13
2025-02-09T12:24:52.952534+00:00,1031,72,40
2025-02-09T12:24:52.952534+00:00,1043,27,11
2025-02-09T12:24:52.952534+00:00,1026,15,6
2025-02-09T12:24:52.952534+00:00,1038,19,10
2025-02-09T12:24:52.952534+00:00,1042,45,19
2025-02-09T12:24:52.952534+00:00,1030,74,39
2025-02-09T12:24:52.952534+00:00,1029,18,13
2025-02-09T12:24:52.952534+00:00,1025,120,57
2025-02-09T12:24:52.952534+00:00,1032,35,14
2025-02-09T12:24:52.952534+00:00,1014,64,28
2025-02-09T12:24:52.952534+00:00,1022,11,5
2025-02-09T12:24:52.952534+00:00,1036,12,6
2025-02-09T12:24:52.952534+00:00,1033,4,2
2025-02-09T12:24:52.952534+00:00,1020,39,18
2025-02-09T12:24:52.952534+00:00,1037,45,19
2025-02-09T12:24:52.952534+00:00,1011,16,11
2025-02-09T12:24:52.952534+00:00,1024,30,10
2025-02-09T12:24:52.952534+00:00,1052,6,3
2025-02-09T12:24:52.952534+00:00,1045,31,18
2025-02-09T12:24:52.952534+00:00,1049,12,4
2025-02-09T12:24:52.952534+00:00,1040,20,11
2025-02-09T12:24:52.952534+00:00,1048,38,22
2025-02-09T12:24:52.952534+00:00,1027,69,38
2025-02-09T12:24:52.952534+00:00,1035,33,18
2025-02-09T12:24:52.952534+00:00,1018,90,47
2025-02-09T18:17:34.722622+00:00,1038,19,10
2025-02-09T18:17:34.722622+00:00,1042,45,19
2025-02-09T18:17:34.722622+00:00,1040,20,11
2025-02-09T18:17:34.722622+00:00,1043,27,11
2025-02-09T18:17:34.722622+00:00,1016,28,12
2025-02-09T18:17:34.722622+00:00,1029,18,13
2025-02-09T18:17:34.722622+00:00,1032,35,14
2025-02-09T18:17:34.722622+00:00,1024,30,10
2025-02-09T18:17:34.722622+00:00,1026,15,6
2025-02-09T18:17:34.722622+00:00,1020,39,18
2025-02-09T18:17:34.722622+00:00,1027,69,38
2025-02-09T18:17:34.722622+00:00,1036,12,6
2025-02-09T18:17:34.722622+00:00,1033,4,2
2025-02-09T18:17:34.722622+00:00,1022,11,5
2025-02-09T18:17:34.722622+00:00,1049,12,4
2025-02-09T18:17:34.722622+00:00,1030,74,39
2025-02-09T18:17:34.722622+00:00,1014,64,28
2025-02-09T18:17:34.722622+00:00,1052,6,3
2025-02-09T18:17:34.722622+00:00,1034,25,13
2025-02-09T18:17:34.722622+00:00,1045,31,18
2025-02-09T18:17:34.722622+00:00,1039,37,21
2025-02-09T18:17:34.722622+00:00,1031,72,40
2025-02-09T18:17:34.722622+00:00,1025,120,57
2025-02-09T18:17:34.722622+00:00,1037,45,19
2025-02-09T18:17:34.722622+00:00,1041,41,23
2025-02-09T18:17:34.722622+00:00,1011,16,11
2025-02-09T18:17:34.722622+00:00,1050,71,39
2025-02-09T18:17:34.722622+00:00,1018,90,47
2025-02-09T18:17:34.722622+00:00,1035,33,18
2025-02-09T18:17:34.722622+00:00,1048,38,22
2025-02-09T18:17:34.722622+00:00,1015,19,15
2025-02-10T01:08:39.691732+00:00,1026,15,6
2025-02-10T01:08:39.691732+00:00,1038,19,10
2025-02-10T01:08:39.691732+00:00,1018,90,47
2025-02-10T01:08:39.691732+00:00,1052,6,3
2025-02-10T01:08:39.691732+00:00,1020,39,18
2025-02-10T01:08:39.691732+00:00,1025,120,57
2025-02-10T01:08:39.691732+00:00,1036,12,6
2025-02-10T01:08:39.691732+00:00,1022,11,5
2025-02-10T01:08:39.691732+00:00,1034,25,13
2025-02-10T01:08:39.691732+00:00,1029,18,13
2025-02-10T01:08:39.691732+00:00,1035,33,18
2025-02-10T01:08:39.691732+00:00,1049,12,4
2025-02-10T01:08:39.691732+00:00,1037,45,19
2025-02-10T01:08:39.691732+00:00,1039,37,21
2025-02-10T01:08:39.691732+00:00,1048,38,22
2025-02-10T01:08:39.691732+00:00,1045,31,18
2025-02-10T01:08:39.691732+00:00,1027,69,38
2025-02-10T01:08:39.691732+00:00,1041,41,23
2025-02-10T01:08:39.691732+00:00,1014,64,28
2025-02-10T01:08:39.691732+00:00,1032,35,14
2025-02-10T01:08:39.691732+00:00,1043,27,11
2025-02-10T01:08:39.691732+00:00,1016,28,12
2025-02-10T01:08:39.691732+00:00,1015,19,15
2025-02-10T01:08:39.691732+00:00,1050,71,39
2025-02-10T01:08:39.691732+00:00,1033,4,2
2025-02-10T01:08:39.691732+00:00,1024,30,10
2025-02-10T01:08:39.691732+00:00,1031,72,40
2025-02-10T01:08:39.691732+00:00,1040,20,11
2025-02-10T01:08:39.691732+00:00,1042,45,19
2025-02-10T01:08:39.691732+00:00,1030,74,39
2025-02-10T01:08:39.691732+00:00,1011,16,11
2025-02-10T06:21:00.131770+00:00,1038,19,10
2025-02-10T06:21:00.131770+00:00,1035,33,18
2025-02-10T06:21:00.131770+00:00,1022,11,5
2025-02-10T06:21:00.131770+00:00,1042,45,19
2025-02-10T06:21:00.131770+00:00,1024,30,10
2025-02-10T06:21:00.131770+00:00,1031,72,40
2025-02-10T06:21:00.131770+00:00,1025,120,57
2025-02-10T06:21:00.131770+00:00,1018,90,47
2025-02-10T06:21:00.131770+00:00,1039,37,21
2025-02-10T06:21:00.131770+00:00,1029,18,13
2025-02-10T06:21:00.131770+00:00,1045,31,18
2025-02-10T06:21:00.131770+00:00,1015,19,15
2025-02-10T06:21:00.131770+00:00,1049,12,4
2025-02-10T06:21:00.131770+00:00,1016,28,12
2025-02-10T06:21:00.131770+00:00,1030,74,39
2025-02-10T06:21:00.131770+00:00,1020,39,18
2025-02-10T06:21:00.131770+00:00,1052,6,3
2025-02-10T06:21:00.131770+00:00,1026,15,6
2025-02-10T06:21:00.131770+00:00,1043,27,11
2025-02-10T06:21:00.131770+00:00,1011,16,11
2025-02-10T06:21:00.131770+00:00,1033,4,2
2025-02-10T06:21:00.131770+00:00,1014,64,28
2025-02-10T06:21:00.131770+00:00,1048,38,22
2025-02-10T06:21:00.131770+00:00,1032,35,14
2025-02-10T06:21:00.131770+00:00,1037,45,19
2025-02-10T06:21:00.131770+00:00,1034,25,13
2025-02-10T06:21:00.131770+00:00,1027,69,38
2025-02-10T06:21:00.131770+00:00,1036,12,6
2025-02-10T06:21:00.131770+00:00,1050,71,39
2025-02-10T06:21:00.131770+00:00,1041,41,23
2025-02-10T06:21:00.131770+00:00,1040,20,11
2025-02-10T12:28:53.925895+00:00,1030,74,39
2025-02-10T12:28:53.925895+00:00,1039,37,21
2025-02-10T12:28:53.925895+00:00,1037,45,19
2025-02-10T12:28:53.925895+00:00,1035,33,18
2025-02-10T12:28:53.925895+00:00,1031,72,40
2025-02-10T12:28:53.925895+00:00,1038,19,10
2025-02-10T12:28:53.925895+00:00,1026,15,6
2025-02-10T12:28:53.925895+00:00,1045,31,18
2025-02-10T12:28:53.925895+00:00,1048,38,22
2025-02-10T12:28:53.925895+00:00,1024,30,10
2025-02-10T12:28:53.925895+00:00,1034,25,13
2025-02-10T12:28:53.925895+00:00,1050,71,39
2025-02-10T12:28:53.925895+00:00,1043,27,11
2025-02-10T12:28:53.925895+00:00,1040,20,11
2025-02-10T12:28:53.925895+00:00,1016,28,12
2025-02-10T12:28:53.925895+00:00,1022,11,5
2025-02-10T12:28:53.925895+00:00,1020,39,18
2025-02-10T12:28:53.925895+00:00,1018,90,47
2025-02-10T12:28:53.925895+00:00,1041,41,23
2025-02-10T12:28:53.925895+00:00,1027,69,38
2025-02-10T12:28:53.925895+00:00,1011,16,11
2025-02-10T12:28:53.925895+00:00,1032,35,14
2025-02-10T12:28:53.925895+00:00,1052,6,3
2025-02-10T12:28:53.925895+00:00,1015,19,15
2025-02-10T12:28:53.925895+00:00,1049,12,4
2025-02-10T12:28:53.925895+00:00,1029,18,13
2025-02-10T12:28:53.925895+00:00,1033,4,2
2025-02-10T12:28:53.925895+00:00,1014,64,28
2025-02-10T12:28:53.925895+00:00,1025,120,57
2025-02-10T12:28:53.925895+00:00,1042,45,19
2025-02-10T12:28:53.925895+00:00,1036,12,6
2025-02-10T18:19:44.277066+00:00,1032,35,14
2025-02-10T18:19:44.277066+00:00,1026,15,6
2025-02-10T18:19:44.277066+00:00,1033,4,2
2025-02-10T18:19:44.277066+00:00,1049,12,4
2025-02-10T18:19:44.277066+00:00,1014,64,28
2025-02-10T18:19:44.277066+00:00,1052,6,3
2025-02-10T18:19:44.277066+00:00,1042,45,19
2025-02-10T18:19:44.277066+00:00,1029,18,13
2025-02-10T18:19:44.277066+00:00,1015,20,16
2025-02-10T18:19:44.277066+00:00,1041,42,24
2025-02-10T18:19:44.277066+00:00,1036,13,7
2025-02-10T18:19:44.277066+00:00,1037,46,20
2025-02-10T18:19:44.277066+00:00,1011,16,11
2025-02-10T18:19:44.277066+00:00,1020,40,19
2025-02-10T18:19:44.277066+00:00,1022,11,5
2025-02-10T18:19:44.277066+00:00,1038,19,10
2025-02-10T18:19:44.277066+00:00,1048,38,22
2025-02-10T18:19:44.277066+00:00,1027,70,39
2025-02-10T18:19:44.277066+00:00,1024,30,10
2025-02-10T18:19:44.277066+00:00,1043,27,11
2025-02-10T18:19:44.277066+00:00,1035,33,18
2025-02-10T18:19:44.277066+00:00,1030,75,40
2025-02-10T18:19:44.277066+00:00,1025,121,58
2025-02-10T18:19:44.277066+00:00,1031,73,41
2025-02-10T18:19:44.277066+00:00,1045,32,19
2025-02-10T18:19:44.277066+00:00,1039,37,21
2025-02-10T18:19:44.277066+00:00,1040,20,11
2025-02-10T18:19:44.277066+00:00,1050,71,39
2025-02-10T18:19:44.277066+00:00,1016,28,12
2025-02-10T18:19:44.277066+00:00,1034,25,13
2025-02-10T18:19:44.277066+00:00,1018,90,47
2025-02-11T01:07:06.711729+00:00,1040,20,11
2025-02-11T01:07:06.711729+00:00,1031,73,41
2025-02-11T01:07:06.711729+00:00,1049,12,4
2025-02-11T01:07:06.711729+00:00,1039,37,21
2025-02-11T01:07:06.711729+00:00,1015,20,16
2025-02-11T01:07:06.711729+00:00,1038,19,10
2025-02-11T01:07:06.711729+00:00,1022,11,5
2025-02-11T01:07:06.711729+00:00,1045,32,19
2025-02-11T01:07:06.711729+00:00,1014,64,28
2025-02-11T01:07:06.711729+00:00,1018,90,47
2025-02-11T01:07:06.711729+00:00,1024,30,10
2025-02-11T01:07:06.711729+00:00,1041,42,24
2025-02-11T01:07:06.711729+00:00,1025,121,58
2025-02-11T01:07:06.711729+00:00,1033,4,2
2025-02-11T01:07:06.711729+00:00,1020,40,19
2025-02-11T01:07:06.711729+00:00,1027,70,39
2025-02-11T01:07:06.711729+00:00,1035,33,18
2025-02-11T01:07:06.711729+00:00,1048,38,22
2025-02-11T01:07:06.711729+00:00,1016,28,12
2025-02-11T01:07:06.711729+00:00,1026,15,6
2025-02-11T01:07:06.711729+00:00,1011,16,11
2025-02-11T01:07:06.711729+00:00,1052,6,3
2025-02-11T01:07:06.711729+00:00,1050,71,39
2025-02-11T01:07:06.711729+00:00,1043,27,11
2025-02-11T01:07:06.711729+00:00,1036,13,7
2025-02-11T01:07:06.711729+00:00,1037,46,20
2025-02-11T01:07:06.711729+00:00,1030,75,40
2025-02-11T01:07:06.711729+00:00,1042,45,19
2025-02-11T01:07:06.711729+00:00,1032,35,14
2025-02-11T01:07:06.711729+00:00,1034,25,13
2025-02-11T01:07:06.711729+00:00,1029,18,13
2025-02-11T06:20:05.191064+00:00,1042,45,19
2025-02-11T06:20:05.191064+00:00,1036,13,7
2025-02-11T06:20:05.191064+00:00,1041,42,24
2025-02-11T06:20:05.191064+00:00,1049,12,4
2025-02-11T06:20:05.191064+00:00,1038,19,10
2025-02-11T06:20:05.191064+00:00,1016,28,12
2025-02-11T06:20:05.191064+00:00,1052,6,3
2025-02-11T06:20:05.191064+00:00,1035,33,18
2025-02-11T06:20:05.191064+00:00,1039,37,21
2025-02-11T06:20:05.191064+00:00,1043,27,11
2025-02-11T06:20:05.191064+00:00,1015,20,16
2025-02-11T06:20:05.191064+00:00,1029,18,13
2025-02-11T06:20:05.191064+00:00,1033,4,2
2025-02-11T06:20:05.191064+00:00,1024,30,10
2025-02-11T06:20:05.191064+00:00,1025,121,58
2025-02-11T06:20:05.191064+00:00,1030,75,40
2025-02-11T06:20:05.191064+00:00,1018,90,47
2025-02-11T06:20:05.191064+00:00,1022,11,5
2025-02-11T06:20:05.191064+00:00,1048,38,22
2025-02-11T06:20:05.191064+00:00,1045,32,19
2025-02-11T06:20:05.191064+00:00,1014,64,28
2025-02-11T06:20:05.191064+00:00,1027,70,39
2025-02-11T06:20:05.191064+00:00,1050,71,39
2025-02-11T06:20:05.191064+00:00,1031,73,41
2025-02-11T06:20:05.191064+00:00,1040,20,11
2025-02-11T06:20:05.191064+00:00,1034,25,13
2025-02-11T06:20:05.191064+00:00,1037,46,20
2025-02-11T06:20:05.191064+00:00,1020,40,19
2025-02-11T06:20:05.191064+00:00,1011,16,11
2025-02-11T06:20:05.191064+00:00,1026,15,6
2025-02-11T06:20:05.191064+00:00,1032,35,14
2025-02-11T18:18:32.257653+00:00,1043,27,11
2025-02-11T18:18:32.257653+00:00,1018,90,47
2025-02-11T18:18:32.257653+00:00,1016,28,12
2025-02-11T18:18:32.257653+00:00,1022,11,5
2025-02-11T18:18:32.257653+00:00,1049,12,4
2025-02-11T18:18:32.257653+00:00,1038,19,10
2025-02-11T18:18:32.257653+00:00,1014,64,28
2025-02-11T18:18:32.257653+00:00,1052,6,3
2025-02-11T18:18:32.257653+00:00,1026,15,6
2025-02-11T18:18:32.257653+00:00,1030,75,40
2025-02-11T18:18:32.257653+00:00,1036,13,7
2025-02-11T18:18:32.257653+00:00,1032,35,14
2025-02-11T18:18:32.257653+00:00,1045,32,19
2025-02-11T18:18:32.257653+00:00,1015,20,16
2025-02-11T18:18:32.257653+00:00,1033,4,2
2025-02-11T18:18:32.257653+00:00,1050,71,39
2025-02-11T18:18:32.257653+00:00,1048,38,22
2025-02-11T18:18:32.257653+00:00,1037,46,20
2025-02-11T18:18:32.257653+00:00,1035,33,18
2025-02-11T18:18:32.257653+00:00,1034,25,13
2025-02-11T18:18:32.257653+00:00,1029,18,13
2025-02-11T18:18:32.257653+00:00,1041,42,24
2025-02-11T18:18:32.257653+00:00,1011,16,11
2025-02-11T18:18:32.257653+00:00,1024,30,10
2025-02-11T18:18:32.257653+00:00,1027,70,39
2025-02-11T18:18:32.257653+00:00,1042,45,19
2025-02-11T18:18:32.257653+00:00,1040,20,11
2025-02-11T18:18:32.257653+00:00,1025,121,58
2025-02-11T18:18:32.257653+00:00,1031,73,41
2025-02-11T18:18:32.257653+00:00,1039,37,21
2025-02-11T18:18:32.257653+00:00,1020,40,19
2025-02-12T01:07:23.693790+00:00,1014,64,28
2025-02-12T01:07:23.693790+00:00,1036,13,7
2025-02-12T01:07:23.693790+00:00,1027,70,39
2025-02-12T01:07:23.693790+00:00,1050,71,39
2025-02-12T01:07:23.693790+00:00,1043,27,11
2025-02-12T01:07:23.693790+00:00,1033,4,2
2025-02-12T01:07:23.693790+00:00,1022,11,5
2025-02-12T01:07:23.693790+00:00,1029,18,13
2025-02-12T01:07:23.693790+00:00,1031,73,41
2025-02-12T01:07:23.693790+00:00,1037,46,20
2025-02-12T01:07:23.693790+00:00,1011,16,11
2025-02-12T01:07:23.693790+00:00,1045,32,19
2025-02-12T01:07:23.693790+00:00,1026,15,6
2025-02-12T01:07:23.693790+00:00,1015,20,16
2025-02-12T01:07:23.693790+00:00,1032,35,14
2025-02-12T01:07:23.693790+00:00,1038,19,10
2025-02-12T01:07:23.693790+00:00,1016,28,12
2025-02-12T01:07:23.693790+00:00,1020,40,19
2025-02-12T01:07:23.693790+00:00,1052,6,3
2025-02-12T01:07:23.693790+00:00,1049,12,4
2025-02-12T01:07:23.693790+00:00,1035,33,18
2025-02-12T01:07:23.693790+00:00,1039,37,21
2025-02-12T01:07:23.693790+00:00,1018,90,47
2025-02-12T01:07:23.693790+00:00,1042,45,19
2025-02-12T01:07:23.693790+00:00,1030,75,40
2025-02-12T01:07:23.693790+00:00,1048,38,22
2025-02-12T01:07:23.693790+00:00,1024,30,10
2025-02-12T01:07:23.693790+00:00,1025,121,58
2025-02-12T01:07:23.693790+00:00,1040,20,11
2025-02-12T01:07:23.693790+00:00,1041,42,24
2025-02-12T01:07:23.693790+00:00,1034,25,13
2025-02-12T06:20:43.553394+00:00,1018,90,47
2025-02-12T06:20:43.553394+00:00,1036,13,7
2025-02-12T06:20:43.553394+00:00,1026,15,6
2025-02-12T06:20:43.553394+00:00,1037,46,20
2025-02-12T06:20:43.553394+00:00,1015,20,16
2025-02-12T06:20:43.553394+00:00,1035,33,18
2025-02-12T06:20:43.553394+00:00,1040,20,11
2025-02-12T06:20:43.553394+00:00,1030,75,40
2025-02-12T06:20:43.553394+00:00,1024,30,10
2025-02-12T06:20:43.553394+00:00,1039,37,21
2025-02-12T06:20:43.553394+00:00,1050,71,39
2025-02-12T06:20:43.553394+00:00,1014,64,28
2025-02-12T06:20:43.553394+00:00,1033,4,2
2025-02-12T06:20:43.553394+00:00,1027,70,39
2025-02-12T06:20:43.553394+00:00,1029,18,13
2025-02-12T06:20:43.553394+00:00,1031,73,41
2025-02-12T06:20:43.553394+00:00,1052,6,3
2025-02-12T06:20:43.553394+00:00,1011,16,11
2025-02-12T06:20:43.553394+00:00,1043,27,11
2025-02-12T06:20:43.553394+00:00,1025,121,58
2025-02-12T06:20:43.553394+00:00,1022,11,5
2025-02-12T06:20:43.553394+00:00,1032,35,14
2025-02-12T06:20:43.553394+00:00,1020,40,19
2025-02-12T06:20:43.553394+00:00,1034,25,13
2025-02-12T06:20:43.553394+00:00,1048,38,22
2025-02-12T06:20:43.553394+00:00,1049,12,4
2025-02-12T06:20:43.553394+00:00,1042,45,19
2025-02-12T06:20:43.553394+00:00,1016,28,12
2025-02-12T06:20:43.553394+00:00,1041,42,24
2025-02-12T06:20:43.553394+00:00,1038,19,10
2025-02-12T06:20:43.553394+00:00,1045,32,19
2025-02-12T12:28:31.244744+00:00,1030,75,40
2025-02-12T12:28:31.244744+00:00,1041,42,24
2025-02-12T12:28:31.244744+00:00,1024,30,10
2025-02-12T12:28:31.244744+00:00,1026,15,6
2025-02-12T12:28:31.244744+00:00,1038,19,10
2025-02-12T12:28:31.244744+00:00,1035,33,18
2025-02-12T12:28:31.244744+00:00,1027,70,39
2025-02-12T12:28:31.244744+00:00,1040,20,11
2025-02-12T12:28:31.244744+00:00,1042,45,19
2025-02-12T12:28:31.244744+00:00,1043,27,11
2025-02-12T12:28:31.244744+00:00,1033,4,2
2025-02-12T12:28:31.244744+00:00,1049,12,4
2025-02-12T12:28:31.244744+00:00,1018,90,47
2025-02-12T12:28:31.244744+00:00,1050,71,39
2025-02-12T12:28:31.244744+00:00,1015,20,16
2025-02-12T12:28:31.244744+00:00,1022,11,5
2025-02-12T12:28:31.244744+00:00,1020,40,19
2025-02-12T12:28:31.244744+00:00,1032,35,14
2025-02-12T12:28:31.244744+00:00,1052,6,3
2025-02-12T12:28:31.244744+00:00,1039,37,21
2025-02-12T12:28:31.244744+00:00,1016,28,12
2025-02-12T12:28:31.244744+00:00,1011,16,11
2025-02-12T12:28:31.244744+00:00,1034,25,13
2025-02-12T12:28:31.244744+00:00,1029,18,13
2025-02-12T12:28:31.244744+00:00,1014,64,28
2025-02-12T12:28:31.244744+00:00,1031,73,41
2025-02-12T12:28:31.244744+00:00,1037,46,20
2025-02-12T12:28:31.244744+00:00,1048,38,22
2025-02-12T12:28:31.244744+00:00,1025,121,58
2025-02-12T12:28:31.244744+00:00,1036,13,7
2025-02-12T12:28:31.244744+00:00,1045,32,19
2025-02-12T18:19:48.638973+00:00,1030,75,40
2025-02-12T18:19:48.638973+00:00,1042,45,19
2025-02-12T18:19:48.638973+00:00,1022,11,5
2025-02-12T18:19:48.638973+00:00,1037,46,20
2025-02-12T18:19:48.638973+00:00,1045,32,19
2025-02-12T18:19:48.638973+00:00,1024,30,10
2025-02-12T18:19:48.638973+00:00,1036,13,7
2025-02-12T18:19:48.638973+00:00,1025,121,58
2025-02-12T18:19:48.638973+00:00,1043,27,11
2025-02-12T18:19:48.638973+00:00,1040,20,11
2025-02-12T18:19:48.638973+00:00,1014,64,28
2025-02-12T18:19:48.638973+00:00,1015,20,16
2025-02-12T18:19:48.638973+00:00,1011,16,11
2025-02-12T18:19:48.638973+00:00,1018,90,47
2025-02-12T18:19:48.638973+00:00,1020,40,19
2025-02-12T18:19:48.638973+00:00,1034,25,13
2025-02-12T18:19:48.638973+00:00,1049,12,4
2025-02-12T18:19:48.638973+00:00,1033,4,2
2025-02-12T18:19:48.638973+00:00,1035,33,18
2025-02-12T18:19:48.638973+00:00,1038,19,10
2025-02-12T18:19:48.638973+00:00,1029,18,13
2025-02-12T18:19:48.638973+00:00,1052,6,3
2025-02-12T18:19:48.638973+00:00,1016,28,12
2025-02-12T18:19:48.638973+00:00,1050,71,39
2025-02-12T18:19:48.638973+00:00,1039,37,21
2025-02-12T18:19:48.638973+00:00,1031,73,41
2025-02-12T18:19:48.638973+00:00,1027,70,39
2025-02-12T18:19:48.638973+00:00,1032,35,14
2025-02-12T18:19:48.638973+00:00,1026,15,6
2025-02-12T18:19:48.638973+00:00,1048,38,22
2025-02-12T18:19:48.638973+00:00,1041,42,24
2025-02-13T01:07:48.136399+00:00,1034,25,13
2025-02-13T01:07:48.136399+00:00,1045,32,19
2025-02-13T01:07:48.136399+00:00,1033,4,2
2025-02-13T01:07:48.136399+00:00,1018,90,47
2025-02-13T01:07:48.136399+00:00,1038,19,10
2025-02-13T01:07:48.136399+00:00,1029,18,13
2025-02-13T01:07:48.136399+00:00,1026,15,6
2025-02-13T01:07:48.136399+00:00,1048,38,22
2025-02-13T01:07:48.136399+00:00,1040,20,11
2025-02-13T01:07:48.136399+00:00,1042,45,19
2025-02-13T01:07:48.136399+00:00,1030,75,40
2025-02-13T01:07:48.136399+00:00,1015,20,16
2025-02-13T01:07:48.136399+00:00,1024,30,10
2025-02-13T01:07:48.136399+00:00,1052,6,3
2025-02-13T01:07:48.136399+00:00,1014,64,28
2025-02-13T01:07:48.136399+00:00,1020,40,19
2025-02-13T01:07:48.136399+00:00,1049,12,4
2025-02-13T01:07:48.136399+00:00,1035,33,18
2025-02-13T01:07:48.136399+00:00,1022,11,5
2025-02-13T01:07:48.136399+00:00,1025,121,58
2025-02-13T01:07:48.136399+00:00,1041,42,24
2025-02-13T01:07:48.136399+00:00,1036,13,7
2025-02-13T01:07:48.136399+00:00,1027,70,39
2025-02-13T01:07:48.136399+00:00,1016,28,12
2025-02-13T01:07:48.136399+00:00,1011,16,11
2025-02-13T01:07:48.136399+00:00,1037,46,20
2025-02-13T01:07:48.136399+00:00,1050,71,39
2025-02-13T01:07:48.136399+00:00,1043,27,11
2025-02-13T01:07:48.136399+00:00,1031,73,41
2025-02-13T01:07:48.136399+00:00,1039,37,21
2025-02-13T01:07:48.136399+00:00,1032,35,14
2025-02-13T06:20:01.357163+00:00,1016,28,12
2025-02-13T06:20:01.357163+00:00,1042,45,19
2025-02-13T06:20:01.357163+00:00,1039,37,21
2025-02-13T06:20:01.357163+00:00,1033,4,2
2025-02-13T06:20:01.357163+00:00,1027,70,39
2025-02-13T06:20:01.357163+00:00,1040,20,11
2025-02-13T06:20:01.357163+00:00,1015,20,16
2025-02-13T06:20:01.357163+00:00,1043,27,11
2025-02-13T06:20:01.357163+00:00,1018,90,47
2025-02-13T06:20:01.357163+00:00,1035,33,18
2025-02-13T06:20:01.357163+00:00,1026,15,6
2025-02-13T06:20:01.357163+00:00,1032,35,14
2025-02-13T06:20:01.357163+00:00,1048,38,22
2025-02-13T06:20:01.357163+00:00,1034,25,13
2025-02-13T06:20:01.357163+00:00,1025,121,58
2025-02-13T06:20:01.357163+00:00,1041,42,24
2025-02-13T06:20:01.357163+00:00,1031,73,41
2025-02-13T06:20:01.357163+00:00,1038,19,10
2025-02-13T06:20:01.357163+00:00,1037,46,20
2025-02-13T06:20:01.357163+00:00,1052,6,3
2025-02-13T06:20:01.357163+00:00,1024,30,10
2025-02-13T06:20:01.357163+00:00,1022,11,5
2025-02-13T06:20:01.357163+00:00,1020,40,19
2025-02-13T06:20:01.357163+00:00,1050,71,39
2025-02-13T06:20:01.357163+00:00,1049,12,4
2025-02-13T06:20:01.357163+00:00,1014,64,28
2025-02-13T06:20:01.357163+00:00,1029,18,13
2025-02-13T06:20:01.357163+00:00,1011,16,11
2025-02-13T06:20:01.357163+00:00,1030,75,40
2025-02-13T06:20:01.357163+00:00,1045,32,19
2025-02-13T06:20:01.357163+00:00,1036,13,7
2025-02-13T12:28:43.386085+00:00,1037,46,20
2025-02-13T12:28:43.386085+00:00,1025,121,58
2025-02-13T12:28:43.386085+00:00,1041,42,24
2025-02-13T12:28:43.386085+00:00,1024,30,10
2025-02-13T12:28:43.386085+00:00,1038,19,10
2025-02-13T12:28:43.386085+00:00,1014,64,28
2025-02-13T12:28:43.386085+00:00,1035,33,18
2025-02-13T12:28:43.386085+00:00,1036,13,7
2025-02-13T12:28:43.386085+00:00,1042,45,19
2025-02-13T12:28:43.386085+00:00,1043,27,11
2025-02-13T12:28:43.386085+00:00,1026,15,6
2025-02-13T12:28:43.386085+00:00,1048,38,22
2025-02-13T12:28:43.386085+00:00,1011,16,11
2025-02-13T12:28:43.386085+00:00,1020,40,19
2025-02-13T12:28:43.386085+00:00,1039,37,21
2025-02-13T12:28:43.386085+00:00,1052,6,3
2025-02-13T12:28:43.386085+00:00,1015,20,16
2025-02-13T12:28:43.386085+00:00,1027,70,39
2025-02-13T12:28:43.386085+00:00,1034,25,13
2025-02-13T12:28:43.386085+00:00,1031,73,41
2025-02-13T12:28:43.386085+00:00,1022,11,5
2025-02-13T12:28:43.386085+00:00,1049,12,4
2025-02-13T12:28:43.386085+00:00,1045,32,19
2025-02-13T12:28:43.386085+00:00,1032,35,14
2025-02-13T12:28:43.386085+00:00,1040,20,11
2025-02-13T12:28:43.386085+00:00,1030,75,40
2025-02-13T12:28:43.386085+00:00,1029,18,13
2025-02-13T12:28:43.386085+00:00,1050,71,39
2025-02-13T12:28:43.386085+00:00,1016,28,12
2025-02-13T12:28:43.386085+00:00,1018,90,47
2025-02-13T12:28:43.386085+00:00,1033,4,2
2025-02-13T18:20:09.845161+00:00,1011,16,11
2025-02-13T18:20:09.845161+00:00,1027,70,39
2025-02-13T18:20:09.845161+00:00,1041,42,24
2025-02-13T18:20:09.845161+00:00,1048,38,22
2025-02-13T18:20:09.845161+00:00,1031,73,41
2025-02-13T18:20:09.845161+00:00,1030,75,40
2025-02-13T18:20:09.845161+00:00,1049,12,4
2025-02-13T18:20:09.845161+00:00,1020,40,19
2025-02-13T18:20:09.845161+00:00,1034,25,13
2025-02-13T18:20:09.845161+00:00,1014,64,28
2025-02-13T18:20:09.845161+00:00,1050,71,39
2025-02-13T18:20:09.845161+00:00,1052,6,3
2025-02-13T18:20:09.845161+00:00,1035,33,18
2025-02-13T18:20:09.845161+00:00,1043,27,11
2025-02-13T18:20:09.845161+00:00,1040,20,11
2025-02-13T18:20:09.845161+00:00,1016,28,12
2025-02-13T18:20:09.845161+00:00,1032,35,14
2025-02-13T18:20:09.845161+00:00,1022,11,5
2025-02-13T18:20:09.845161+00:00,1033,4,2
2025-02-13T18:20:09.845161+00:00,1024,30,10
2025-02-13T18:20:09.845161+00:00,1042,45,19
2025-02-13T18:20:09.845161+00:00,1038,19,10
2025-02-13T18:20:09.845161+00:00,1037,46,20
2025-02-13T18:20:09.845161+00:00,1045,32,19
2025-02-13T18:20:09.845161+00:00,1018,90,47
2025-02-13T18:20:09.845161+00:00,1036,13,7
2025-02-13T18:20:09.845161+00:00,1039,37,21
2025-02-13T18:20:09.845161+00:00,1026,15,6
2025-02-13T18:20:09.845161+00:00,1029,18,13
2025-02-13T18:20:09.845161+00:00,1025,121,58
2025-02-13T18:20:09.845161+00:00,1015,20,16
2025-02-14T01:07:33.858791+00:00,1040,20,11
2025-02-14T01:07:33.858791+00:00,1045,32,19
2025-02-14T01:07:33.858791+00:00,1042,45,19
2025-02-14T01:07:33.858791+00:00,1011,16,11
2025-02-14T01:07:33.858791+00:00,1034,25,13
2025-02-14T01:07:33.858791+00:00,1037,46,20
2025-02-14T01:07:33.858791+00:00,1035,33,18
2025-02-14T01:07:33.858791+00:00,1036,13,7
2025-02-14T01:07:33.858791+00:00,1022,11,5
2025-02-14T01:07:33.858791+00:00,1031,73,41
2025-02-14T01:07:33.858791+00:00,1043,27,11
2025-02-14T01:07:33.858791+00:00,1016,28,12
2025-02-14T01:07:33.858791+00:00,1029,18,13
2025-02-14T01:07:33.858791+00:00,1020,40,19
2025-02-14T01:07:33.858791+00:00,1015,20,16
2025-02-14T01:07:33.858791+00:00,1030,75,40
2025-02-14T01:07:33.858791+00:00,1049,12,4
2025-02-14T01:07:33.858791+00:00,1033,4,2
2025-02-14T01:07:33.858791+00:00,1048,38,22
2025-02-14T01:07:33.858791+00:00,1025,121,58
2025-02-14T01:07:33.858791+00:00,1041,42,24
2025-02-14T01:07:33.858791+00:00,1039,37,21
2025-02-14T01:07:33.858791+00:00,1027,70,39
2025-02-14T01:07:33.858791+00:00,1050,71,39
2025-02-14T01:07:33.858791+00:00,1014,64,28
2025-02-14T01:07:33.858791+00:00,1018,90,47
2025-02-14T01:07:33.858791+00:00,1026,15,6
2025-02-14T01:07:33.858791+00:00,1032,35,14
2025-02-14T01:07:33.858791+00:00,1038,19,10
2025-02-14T01:07:33.858791+00:00,1052,6,3
2025-02-14T01:07:33.858791+00:00,1024,30,10
2025-02-14T06:19:51.467777+00:00,1049,12,4
2025-02-14T06:19:51.467777+00:00,1042,45,19
2025-02-14T06:19:51.467777+00:00,1025,121,58
2025-02-14T06:19:51.467777+00:00,1034,25,13
2025-02-14T06:19:51.467777+00:00,1037,46,20
2025-02-14T06:19:51.467777+00:00,1052,6,3
2025-02-14T06:19:51.467777+00:00,1035,33,18
2025-02-14T06:19:51.467777+00:00,1041,42,24
2025-02-14T06:19:51.467777+00:00,1026,15,6
2025-02-14T06:19:51.467777+00:00,1050,71,39
2025-02-14T06:19:51.467777+00:00,1045,32,19
2025-02-14T06:19:51.467777+00:00,1031,73,41
2025-02-14T06:19:51.467777+00:00,1022,11,5
2025-02-14T06:19:51.467777+00:00,1043,27,11
2025-02-14T06:19:51.467777+00:00,1018,90,47
2025-02-14T06:19:51.467777+00:00,1040,20,11
2025-02-14T06:19:51.467777+00:00,1036,13,7
2025-02-14T06:19:51.467777+00:00,1033,4,2
2025-02-14T06:19:51.467777+00:00,1039,37,21
2025-02-14T06:19:51.467777+00:00,1027,70,39
2025-02-14T06:19:51.467777+00:00,1032,35,14
2025-02-14T06:19:51.467777+00:00,1024,30,10
2025-02-14T06:19:51.467777+00:00,1014,64,28
2025-02-14T06:19:51.467777+00:00,1016,28,12
2025-02-14T06:19:51.467777+00:00,1030,75,40
2025-02-14T06:19:51.467777+00:00,1011,16,11
2025-02-14T06:19:51.467777+00:00,1048,38,22
2025-02-14T06:19:51.467777+00:00,1029,18,13
2025-02-14T06:19:51.467777+00:00,1020,40,19
2025-02-14T06:19:51.467777+00:00,1038,19,10
2025-02-14T06:19:51.467777+00:00,1015,20,16
2025-02-14T12:28:05.016792+00:00,1048,38,22
2025-02-14T12:28:05.016792+00:00,1036,13,7
2025-02-14T12:28:05.016792+00:00,1037,46,20
2025-02-14T12:28:05.016792+00:00,1039,37,21
2025-02-14T12:28:05.016792+00:00,1026,15,6
2025-02-14T12:28:05.016792+00:00,1031,73,41
2025-02-14T12:28:05.016792+00:00,1027,70,39
2025-02-14T12:28:05.016792+00:00,1040,20,11
2025-02-14T12:28:05.016792+00:00,1032,35,14
2025-02-14T12:28:05.016792+00:00,1033,4,2
2025-02-14T12:28:05.016792+00:00,1041,42,24
2025-02-14T12:28:05.016792+00:00,1052,6,3
2025-02-14T12:28:05.016792+00:00,1045,32,19
2025-02-14T12:28:05.016792+00:00,1049,12,4
2025-02-14T12:28:05.016792+00:00,1014,64,28
2025-02-14T12:28:05.016792+00:00,1042,45,19
2025-02-14T12:28:05.016792+00:00,1011,16,11
2025-02-14T12:28:05.016792+00:00,1022,11,5
2025-02-14T12:28:05.016792+00:00,1038,19,10
2025-02-14T12:28:05.016792+00:00,1025,121,58
2025-02-14T12:28:05.016792+00:00,1034,25,13
2025-02-14T12:28:05.016792+00:00,1035,33,18
2025-02-14T12:28:05.016792+00:00,1020,40,19
2025-02-14T12:28:05.016792+00:00,1016,28,12
2025-02-14T12:28:05.016792+00:00,1029,18,13
2025-02-14T12:28:05.016792+00:00,1024,30,10
2025-02-14T12:28:05.016792+00:00,1030,75,40
2025-02-14T12:28:05.016792+00:00,1043,27,11
2025-02-14T12:28:05.016792+00:00,1015,20,16
2025-02-14T12:28:05.016792+00:00,1018,90,47
2025-02-14T12:28:05.016792+00:00,1050,71,39
2025-02-14T18:19:08.245568+00:00,1029,19,13
2025-02-14T18:19:08.245568+00:00,1014,65,28
2025-02-14T18:19:08.245568+00:00,1050,72,39
2025-02-14T18:19:08.245568+00:00,1036,13,7
2025-02-14T18:19:08.245568+00:00,1042,45,19
2025-02-14T18:19:08.245568+00:00,1040,20,11
2025-02-14T18:19:08.245568+00:00,1011,16,11
2025-02-14T18:19:08.245568+00:00,1034,25,13
2025-02-14T18:19:08.245568+00:00,1049,12,4
2025-02-14T18:19:08.245568+00:00,1031,73,41
2025-02-14T18:19:08.245568+00:00,1027,70,39
2025-02-14T18:19:08.245568+00:00,1041,42,24
2025-02-14T18:19:08.245568+00:00,1030,75,40
2025-02-14T18:19:08.245568+00:00,1016,28,12
2025-02-14T18:19:08.245568+00:00,1033,4,2
2025-02-14T18:19:08.245568+00:00,1026,15,6
2025-02-14T18:19:08.245568+00:00,1024,31,10
2025-02-14T18:19:08.245568+00:00,1038,19,10
2025-02-14T18:19:08.245568+00:00,1035,33,18
2025-02-14T18:19:08.245568+00:00,1022,11,5
2025-02-14T18:19:08.245568+00:00,1052,6,3
2025-02-14T18:19:08.245568+00:00,1043,27,11
2025-02-14T18:19:08.245568+00:00,1015,20,16
2025-02-14T18:19:08.245568+00:00,1032,35,14
2025-02-14T18:19:08.245568+00:00,1039,37,21
2025-02-14T18:19:08.245568+00:00,1045,32,19
2025-02-14T18:19:08.245568+00:00,1048,38,22
2025-02-14T18:19:08.245568+00:00,1025,122,58
2025-02-14T18:19:08.245568+00:00,1020,40,19
2025-02-14T18:19:08.245568+00:00,1037,47,20
2025-02-14T18:19:08.245568+00:00,1018,90,47
2025-02-15T01:06:55.224506+00:00,1027,70,39
2025-02-15T01:06:55.224506+00:00,1036,13,7
2025-02-15T01:06:55.224506+00:00,1043,27,11
2025-02-15T01:06:55.224506+00:00,1032,35,14
2025-02-15T01:06:55.224506+00:00,1042,45,19
2025-02-15T01:06:55.224506+00:00,1018,90,47
2025-02-15T01:06:55.224506+00:00,1020,40,19
2025-02-15T01:06:55.224506+00:00,1026,15,6
2025-02-15T01:06:55.224506+00:00,1052,6,3
2025-02-15T01:06:55.224506+00:00,1049,12,4
2025-02-15T01:06:55.224506+00:00,1041,42,24
2025-02-15T01:06:55.224506+00:00,1011,16,11
2025-02-15T01:06:55.224506+00:00,1030,75,40
2025-02-15T01:06:55.224506+00:00,1015,20,16
2025-02-15T01:06:55.224506+00:00,1014,65,28
2025-02-15T01:06:55.224506+00:00,1050,72,39
2025-02-15T01:06:55.224506+00:00,1035,33,18
2025-02-15T01:06:55.224506+00:00,1040,20,11
2025-02-15T01:06:55.224506+00:00,1031,73,41
2025-02-15T01:06:55.224506+00:00,1034,25,13
2025-02-15T01:06:55.224506+00:00,1029,19,13
2025-02-15T01:06:55.224506+00:00,1045,32,19
2025-02-15T01:06:55.224506+00:00,1033,4,2
2025-02-15T01:06:55.224506+00:00,1025,122,58
2025-02-15T01:06:55.224506+00:00,1038,19,10
2025-02-15T01:06:55.224506+00:00,1016,28,12
2025-02-15T01:06:55.224506+00:00,1024,31,10
2025-02-15T01:06:55.224506+00:00,1037,47,20
2025-02-15T01:06:55.224506+00:00,1048,38,22
2025-02-15T01:06:55.224506+00:00,1022,11,5
2025-02-15T01:06:55.224506+00:00,1039,37,21
2025-02-15T12:25:14.765455+00:00,1030,75,40
2025-02-15T12:25:14.765455+00:00,1052,6,3
2025-02-15T12:25:14.765455+00:00,1022,11,5
2025-02-15T12:25:14.765455+00:00,1039,37,21
2025-02-15T12:25:14.765455+00:00,1041,42,24
2025-02-15T12:25:14.765455+00:00,1031,73,41
2025-02-15T12:25:14.765455+00:00,1050,72,39
2025-02-15T12:25:14.765455+00:00,1036,13,7
2025-02-15T12:25:14.765455+00:00,1048,38,22
2025-02-15T12:25:14.765455+00:00,1025,122,58
2025-02-15T12:25:14.765455+00:00,1043,27,11
2025-02-15T12:25:14.765455+00:00,1034,25,13
2025-02-15T12:25:14.765455+00:00,1016,28,12
2025-02-15T12:25:14.765455+00:00,1033,4,2
2025-02-15T12:25:14.765455+00:00,1020,40,19
2025-02-15T12:25:14.765455+00:00,1040,20,11
2025-02-15T12:25:14.765455+00:00,1027,70,39
2025-02-15T12:25:14.765455+00:00,1035,33,18
2025-02-15T12:25:14.765455+00:00,1037,47,20
2025-02-15T12:25:14.765455+00:00,1024,31,10
2025-02-15T12:25:14.765455+00:00,1011,16,11
2025-02-15T12:25:14.765455+00:00,1014,65,28
2025-02-15T12:25:14.765455+00:00,1042,45,19
2025-02-15T12:25:14.765455+00:00,1045,32,19
2025-02-15T12:25:14.765455+00:00,1029,19,13
2025-02-15T12:25:14.765455+00:00,1032,35,14
2025-02-15T12:25:14.765455+00:00,1049,12,4
2025-02-15T12:25:14.765455+00:00,1018,90,47
2025-02-15T12:25:14.765455+00:00,1015,20,16
2025-02-15T12:25:14.765455+00:00,1026,15,6
2025-02-15T12:25:14.765455+00:00,1038,19,10
2025-02-16T01:13:07.854033+00:00,1043,27,11
2025-02-16T01:13:07.854033+00:00,1016,29,12
2025-02-16T01:13:07.854033+00:00,1015,20,16
2025-02-16T01:13:07.854033+00:00,1036,13,7
2025-02-16T01:13:07.854033+00:00,1033,4,2
2025-02-16T01:13:07.854033+00:00,1026,15,6
2025-02-16T01:13:07.854033+00:00,1037,48,20
2025-02-16T01:13:07.854033+00:00,1035,33,18
2025-02-16T01:13:07.854033+00:00,1040,20,11
2025-02-16T01:13:07.854033+00:00,1027,70,39
2025-02-16T01:13:07.854033+00:00,1048,39,23
2025-02-16T01:13:07.854033+00:00,1025,123,58
2025-02-16T01:13:07.854033+00:00,1049,12,4
2025-02-16T01:13:07.854033+00:00,1032,35,14
2025-02-16T01:13:07.854033+00:00,1041,42,24
2025-02-16T01:13:07.854033+00:00,1039,38,21
2025-02-16T01:13:07.854033+00:00,1014,65,28
2025-02-16T01:13:07.854033+00:00,1020,40,19
2025-02-16T01:13:07.854033+00:00,1029,19,13
2025-02-16T01:13:07.854033+00:00,1052,6,3
2025-02-16T01:13:07.854033+00:00,1038,20,11
2025-02-16T01:13:07.854033+00:00,1022,11,5
2025-02-16T01:13:07.854033+00:00,1011,16,11
2025-02-16T01:13:07.854033+00:00,1034,25,13
2025-02-16T01:13:07.854033+00:00,1018,91,48
2025-02-16T01:13:07.854033+00:00,1050,72,39
2025-02-16T01:13:07.854033+00:00,1031,75,42
2025-02-16T01:13:07.854033+00:00,1045,32,19
2025-02-16T01:13:07.854033+00:00,1042,46,20
2025-02-16T01:13:07.854033+00:00,1024,31,10
2025-02-16T01:13:07.854033+00:00,1030,76,40
2025-02-16T06:18:34.194700+00:00,1020,40,19
2025-02-16T06:18:34.194700+00:00,1011,16,11
2025-02-16T06:18:34.194700+00:00,1031,75,42
2025-02-16T06:18:34.194700+00:00,1018,91,48
2025-02-16T06:18:34.194700+00:00,1045,32,19
2025-02-16T06:18:34.194700+00:00,1024,31,10
2025-02-16T06:18:34.194700+00:00,1022,11,5
2025-02-16T06:18:34.194700+00:00,1039,38,21
2025-02-16T06:18:34.194700+00:00,1050,72,39
2025-02-16T06:18:34.194700+00:00,1015,20,16
2025-02-16T06:18:34.194700+00:00,1049,12,4
2025-02-16T06:18:34.194700+00:00,1033,4,2
2025-02-16T06:18:34.194700+00:00,1027,70,39
2025-02-16T06:18:34.194700+00:00,1038,20,11
2025-02-16T06:18:34.194700+00:00,1048,39,23
2025-02-16T06:18:34.194700+00:00,1052,6,3
2025-02-16T06:18:34.194700+00:00,1026,15,6
2025-02-16T06:18:34.194700+00:00,1035,33,18
2025-02-16T06:18:34.194700+00:00,1041,42,24
2025-02-16T06:18:34.194700+00:00,1042,46,20
2025-02-16T06:18:34.194700+00:00,1043,27,11
2025-02-16T06:18:34.194700+00:00,1025,123,58
2025-02-16T06:18:34.194700+00:00,1037,48,20
2025-02-16T06:18:34.194700+00:00,1034,25,13
2025-02-16T06:18:34.194700+00:00,1030,76,40
2025-02-16T06:18:34.194700+00:00,1040,20,11
2025-02-16T06:18:34.194700+00:00,1016,29,12
2025-02-16T06:18:34.194700+00:00,1029,19,13
2025-02-16T06:18:34.194700+00:00,1036,13,7
2025-02-16T06:18:34.194700+00:00,1014,65,28
2025-02-16T06:18:34.194700+00:00,1032,35,14
2025-02-16T12:27:53.087922+00:00,1033,4,2
2025-02-16T12:27:53.087922+00:00,1035,33,18
2025-02-16T12:27:53.087922+00:00,1022,11,5
2025-02-16T12:27:53.087922+00:00,1014,65,28
2025-02-16T12:27:53.087922+00:00,1025,123,58
2025-02-16T12:27:53.087922+00:00,1032,35,14
2025-02-16T12:27:53.087922+00:00,1024,31,10
2025-02-16T12:27:53.087922+00:00,1042,46,20
2025-02-16T12:27:53.087922+00:00,1038,20,11
2025-02-16T12:27:53.087922+00:00,1031,75,42
2025-02-16T12:27:53.087922+00:00,1011,16,11
2025-02-16T12:27:53.087922+00:00,1034,25,13
2025-02-16T12:27:53.087922+00:00,1020,40,19
2025-02-16T12:27:53.087922+00:00,1039,38,21
2025-02-16T12:27:53.087922+00:00,1029,19,13
2025-02-16T12:27:53.087922+00:00,1049,12,4
2025-02-16T12:27:53.087922+00:00,1045,32,19
2025-02-16T12:27:53.087922+00:00,1016,29,12
2025-02-16T12:27:53.087922+00:00,1040,20,11
2025-02-16T12:27:53.087922+00:00,1030,76,40
2025-02-16T12:27:53.087922+00:00,1026,15,6
2025-02-16T12:27:53.087922+00:00,1037,48,20
2025-02-16T12:27:53.087922+00:00,1041,42,24
2025-02-16T12:27:53.087922+00:00,1015,20,16
2025-02-16T12:27:53.087922+00:00,1050,72,39
2025-02-16T12:27:53.087922+00:00,1048,39,23
2025-02-16T12:27:53.087922+00:00,1043,27,11
2025-02-16T12:27:53.087922+00:00,1027,70,39
2025-02-16T12:27:53.087922+00:00,1052,6,3
2025-02-16T12:27:53.087922+00:00,1036,13,7
2025-02-16T12:27:53.087922+00:00,1018,91,48
2025-02-16T18:17:58.690596+00:00,1039,38,21
2025-02-16T18:17:58.690596+00:00,1029,19,13
2025-02-16T18:17:58.690596+00:00,1045,33,19
2025-02-16T18:17:58.690596+00:00,1033,4,2
2025-02-16T18:17:58.690596+00:00,1034,25,13
2025-02-16T18:17:58.690596+00:00,1037,49,20
2025-02-16T18:17:58.690596+00:00,1011,16,11
2025-02-16T18:17:58.690596+00:00,1018,92,49
2025-02-16T18:17:58.690596+00:00,1048,39,23
2025-02-16T18:17:58.690596+00:00,1016,30,13
2025-02-16T18:17:58.690596+00:00,1027,70,39
2025-02-16T18:17:58.690596+00:00,1014,65,28
2025-02-16T18:17:58.690596+00:00,1031,76,42
2025-02-16T18:17:58.690596+00:00,1043,27,11
2025-02-16T18:17:58.690596+00:00,1022,11,5
2025-02-16T18:17:58.690596+00:00,1032,35,14
2025-02-16T18:17:58.690596+00:00,1040,20,11
2025-02-16T18:17:58.690596+00:00,1035,33,18
2025-02-16T18:17:58.690596+00:00,1015,20,16
2025-02-16T18:17:58.690596+00:00,1042,46,20
2025-02-16T18:17:58.690596+00:00,1020,40,19
2025-02-16T18:17:58.690596+00:00,1038,20,11
2025-02-16T18:17:58.690596+00:00,1052,6,3
2025-02-16T18:17:58.690596+00:00,1024,31,10
2025-02-16T18:17:58.690596+00:00,1036,13,7
2025-02-16T18:17:58.690596+00:00,1025,125,59
2025-02-16T18:17:58.690596+00:00,1050,73,39
2025-02-16T18:17:58.690596+00:00,1041,43,25
2025-02-16T18:17:58.690596+00:00,1026,15,6
2025-02-16T18:17:58.690596+00:00,1049,12,4
2025-02-16T18:17:58.690596+00:00,1030,78,41
2025-02-16T21:06:15.424870+00:00,1031,76,42
2025-02-16T21:06:15.424870+00:00,1026,15,6
2025-02-16T21:06:15.424870+00:00,1040,20,11
2025-02-16T21:06:15.424870+00:00,1043,27,11
2025-02-16T21:06:15.424870+00:00,1033,4,2
2025-02-16T21:06:15.424870+00:00,1024,31,10
2025-02-16T21:06:15.424870+00:00,1015,20,16
2025-02-16T21:06:15.424870+00:00,1037,49,20
2025-02-16T21:06:15.424870+00:00,1034,25,13
2025-02-16T21:06:15.424870+00:00,1032,35,14
2025-02-16T21:06:15.424870+00:00,1038,20,11
2025-02-16T21:06:15.424870+00:00,1036,13,7
2025-02-16T21:06:15.424870+00:00,1042,46,20
2025-02-16T21:06:15.424870+00:00,1022,11,5
2025-02-16T21:06:15.424870+00:00,1035,33,18
2025-02-16T21:06:15.424870+00:00,1052,6,3
2025-02-16T21:06:15.424870+00:00,1045,33,19
2025-02-16T21:06:15.424870+00:00,1029,19,13
2025-02-16T21:06:15.424870+00:00,1018,92,49
2025-02-16T21:06:15.424870+00:00,1049,12,4
2025-02-16T21:06:15.424870+00:00,1011,16,11
2025-02-16T21:06:15.424870+00:00,1014,65,28
2025-02-16T21:06:15.424870+00:00,1016,30,13
2025-02-16T21:06:15.424870+00:00,1048,39,23
2025-02-16T21:06:15.424870+00:00,1050,73,39
2025-02-16T21:06:15.424870+00:00,1020,40,19
2025-02-16T21:06:15.424870+00:00,1039,38,21
2025-02-16T21:06:15.424870+00:00,1041,43,25
2025-02-16T21:06:15.424870+00:00,1027,70,39
2025-02-16T21:06:15.424870+00:00,1025,125,59
2025-02-16T21:06:15.424870+00:00,1030,78,41
2025-02-16T21:08:59.413746+00:00,1036,13,7
2025-02-16T21:08:59.413746+00:00,1041,43,25
2025-02-16T21:08:59.413746+00:00,1040,20,11
2025-02-16T21:08:59.413746+00:00,1048,39,23
2025-02-16T21:08:59.413746+00:00,1016,30,13
2025-02-16T21:08:59.413746+00:00,1045,33,19
2025-02-16T21:08:59.413746+00:00,1025,125,59
2025-02-16T21:08:59.413746+00:00,1027,70,39
2025-02-16T21:08:59.413746+00:00,1034,25,13
2025-02-16T21:08:59.413746+00:00,1026,15,6
2025-02-16T21:08:59.413746+00:00,1029,19,13
2025-02-16T21:08:59.413746+00:00,1038,20,11
2025-02-16T21:08:59.413746+00:00,1031,76,42
2025-02-16T21:08:59.413746+00:00,1024,31,10
2025-02-16T21:08:59.413746+00:00,1042,46,20
2025-02-16T21:08:59.413746+00:00,1035,33,18
2025-02-16T21:08:59.413746+00:00,1037,49,20
2025-02-16T21:08:59.413746+00:00,1052,6,3
2025-02-16T21:08:59.413746+00:00,1011,16,11
2025-02-16T21:08:59.413746+00:00,1049,12,4
2025-02-16T21:08:59.413746+00:00,1050,73,39
2025-02-16T21:08:59.413746+00:00,1014,65,28
2025-02-16T21:08:59.413746+00:00,1015,20,16
2025-02-16T21:08:59.413746+00:00,1039,38,21
2025-02-16T21:08:59.413746+00:00,1032,35,14
2025-02-16T21:08:59.413746+00:00,1043,27,11
2025-02-16T21:08:59.413746+00:00,1033,4,2
2025-02-16T21:08:59.413746+00:00,1018,92,49
2025-02-16T21:08:59.413746+00:00,1030,78,41
2025-02-16T21:08:59.413746+00:00,1020,40,19
2025-02-16T21:08:59.413746+00:00,1022,11,5
2025-02-16T21:13:30.123434+00:00,1016,30,13
2025-02-16T21:13:30.123434+00:00,1014,65,28
2025-02-16T21:13:30.123434+00:00,1030,78,41
2025-02-16T21:13:30.123434+00:00,1042,46,20
2025-02-16T21:13:30.123434+00:00,1050,73,39
2025-02-16T21:13:30.123434+00:00,1036,13,7
2025-02-16T21:13:30.123434+00:00,1045,33,19
2025-02-16T21:13:30.123434+00:00,1026,15,6
2025-02-16T21:13:30.123434+00:00,1048,39,23
2025-02-16T21:13:30.123434+00:00,1025,125,59
2025-02-16T21:13:30.123434+00:00,1027,70,39
2025-02-16T21:13:30.123434+00:00,1043,27,11
2025-02-16T21:13:30.123434+00:00,1029,19,13
2025-02-16T21:13:30.123434+00:00,1031,76,42
2025-02-16T21:13:30.123434+00:00,1020,40,19
2025-02-16T21:13:30.123434+00:00,1034,25,13
2025-02-16T21:13:30.123434+00:00,1037,49,20
2025-02-16T21:13:30.123434+00:00,1024,31,10
2025-02-16T21:13:30.123434+00:00,1040,20,11
2025-02-16T21:13:30.123434+00:00,1049,12,4
2025-02-16T21:13:30.123434+00:00,1022,11,5
2025-02-16T21:13:30.123434+00:00,1039,38,21
2025-02-16T21:13:30.123434+00:00,1052,6,3
2025-02-16T21:13:30.123434+00:00,1033,4,2
2025-02-16T21:13:30.123434+00:00,1018,92,49
2025-02-16T21:13:30.123434+00:00,1038,20,11
2025-02-16T21:13:30.123434+00:00,1035,33,18
2025-02-16T21:13:30.123434+00:00,1015,20,16
2025-02-16T21:13:30.123434+00:00,1041,43,25
2025-02-16T21:13:30.123434+00:00,1011,16,11
2025-02-16T21:13:30.123434+00:00,1032,35,14
2025-02-17T01:10:23.777453+00:00,1038,20,11
2025-02-17T01:10:23.777453+00:00,1041,43,25
2025-02-17T01:10:23.777453+00:00,1024,31,10
2025-02-17T01:10:23.777453+00:00,1030,78,41
2025-02-17T01:10:23.777453+00:00,1031,76,42
2025-02-17T01:10:23.777453+00:00,1048,39,23
2025-02-17T01:10:23.777453+00:00,1022,11,5
2025-02-17T01:10:23.777453+00:00,1052,6,3
2025-02-17T01:10:23.777453+00:00,1032,35,14
2025-02-17T01:10:23.777453+00:00,1035,33,18
2025-02-17T01:10:23.777453+00:00,1042,46,20
2025-02-17T01:10:23.777453+00:00,1014,65,28
2025-02-17T01:10:23.777453+00:00,1040,20,11
2025-02-17T01:10:23.777453+00:00,1029,19,13
2025-02-17T01:10:23.777453+00:00,1025,125,59
2025-02-17T01:10:23.777453+00:00,1015,20,16
2025-02-17T01:10:23.777453+00:00,1037,49,20
2025-02-17T01:10:23.777453+00:00,1016,30,13
2025-02-17T01:10:23.777453+00:00,1026,15,6
2025-02-17T01:10:23.777453+00:00,1018,92,49
2025-02-17T01:10:23.777453+00:00,1039,38,21
2025-02-17T01:10:23.777453+00:00,1011,16,11
2025-02-17T01:10:23.777453+00:00,1045,33,19
2025-02-17T01:10:23.777453+00:00,1020,40,19
2025-02-17T01:10:23.777453+00:00,1050,73,39
2025-02-17T01:10:23.777453+00:00,1036,13,7
2025-02-17T01:10:23.777453+00:00,1049,12,4
2025-02-17T01:10:23.777453+00:00,1033,4,2
2025-02-17T01:10:23.777453+00:00,1027,70,39
2025-02-17T01:10:23.777453+00:00,1043,27,11
2025-02-17T01:10:23.777453+00:00,1034,25,13
2025-02-17T06:21:01.760694+00:00,1027,70,39
2025-02-17T06:21:01.760694+00:00,1033,4,2
2025-02-17T06:21:01.760694+00:00,1024,31,10
2025-02-17T06:21:01.760694+00:00,1042,46,20
2025-02-17T06:21:01.760694+00:00,1014,65,28
2025-02-17T06:21:01.760694+00:00,1040,20,11
2025-02-17T06:21:01.760694+00:00,1035,33,18
2025-02-17T06:21:01.760694+00:00,1025,125,59
2025-02-17T06:21:01.760694+00:00,1018,92,49
2025-02-17T06:21:01.760694+00:00,1050,73,39
2025-02-17T06:21:01.760694+00:00,1041,43,25
2025-02-17T06:21:01.760694+00:00,1016,30,13
2025-02-17T06:21:01.760694+00:00,1045,33,19
2025-02-17T06:21:01.760694+00:00,1037,49,20
2025-02-17T06:21:01.760694+00:00,1043,27,11
2025-02-17T06:21:01.760694+00:00,1030,78,41
2025-02-17T06:21:01.760694+00:00,1031,76,42
2025-02-17T06:21:01.760694+00:00,1011,16,11
2025-02-17T06:21:01.760694+00:00,1029,19,13
2025-02-17T06:21:01.760694+00:00,1048,39,23
2025-02-17T06:21:01.760694+00:00,1038,20,11
2025-02-17T06:21:01.760694+00:00,1032,35,14
2025-02-17T06:21:01.760694+00:00,1020,40,19
2025-02-17T06:21:01.760694+00:00,1026,15,6
2025-02-17T06:21:01.760694+00:00,1015,20,16
2025-02-17T06:21:01.760694+00:00,1022,11,5
2025-02-17T06:21:01.760694+00:00,1052,6,3
2025-02-17T06:21:01.760694+00:00,1036,13,7
2025-02-17T06:21:01.760694+00:00,1049,12,4
2025-02-17T06:21:01.760694+00:00,1034,25,13
2025-02-17T06:21:01.760694+00:00,1039,38,21
2025-02-17T08:12:54.855674+00:00,1033,4,2
2025-02-17T08:12:54.855674+00:00,1011,16,11
2025-02-17T08:12:54.855674+00:00,1042,46,20
2025-02-17T08:12:54.855674+00:00,1018,92,49
2025-02-17T08:12:54.855674+00:00,1048,39,23
2025-02-17T08:12:54.855674+00:00,1027,70,39
2025-02-17T08:12:54.855674+00:00,1032,35,14
2025-02-17T08:12:54.855674+00:00,1024,31,10
2025-02-17T08:12:54.855674+00:00,1040,20,11
2025-02-17T08:12:54.855674+00:00,1030,78,41
2025-02-17T08:12:54.855674+00:00,1025,125,59
2025-02-17T08:12:54.855674+00:00,1052,6,3
2025-02-17T08:12:54.855674+00:00,1036,13,7
2025-02-17T08:12:54.855674+00:00,1041,43,25
2025-02-17T08:12:54.855674+00:00,1020,40,19
2025-02-17T08:12:54.855674+00:00,1029,19,13
2025-02-17T08:12:54.855674+00:00,1015,20,16
2025-02-17T08:12:54.855674+00:00,1014,65,28
2025-02-17T08:12:54.855674+00:00,1022,11,5
2025-02-17T08:12:54.855674+00:00,1031,76,42
2025-02-17T08:12:54.855674+00:00,1038,20,11
2025-02-17T08:12:54.855674+00:00,1026,15,6
2025-02-17T08:12:54.855674+00:00,1050,73,39
2025-02-17T08:12:54.855674+00:00,1035,33,18
2025-02-17T08:12:54.855674+00:00,1034,25,13
2025-02-17T08:12:54.855674+00:00,1039,38,21
2025-02-17T08:12:54.855674+00:00,1016,30,13
2025-02-17T08:12:54.855674+00:00,1037,49,20
2025-02-17T08:12:54.855674+00:00,1043,27,11
2025-02-17T08:12:54.855674+00:00,1049,12,4
2025-02-17T08:12:54.855674+00:00,1045,33,19
2025-02-17T12:29:37.742937+00:00,1036,13,7
2025-02-17T12:29:37.742937+00:00,1014,65,28
2025-02-17T12:29:37.742937+00:00,1041,43,25
2025-02-17T12:29:37.742937+00:00,1011,16,11
2025-02-17T12:29:37.742937+00:00,1039,38,21
2025-02-17T12:29:37.742937+00:00,1042,46,20
2025-02-17T12:29:37.742937+00:00,1045,33,19
2025-02-17T12:29:37.742937+00:00,1037,49,20
2025-02-17T12:29:37.742937+00:00,1030,78,41
2025-02-17T12:29:37.742937+00:00,1015,20,16
2025-02-17T12:29:37.742937+00:00,1027,70,39
2025-02-17T12:29:37.742937+00:00,1020,40,19
2025-02-17T12:29:37.742937+00:00,1049,12,4
2025-02-17T12:29:37.742937+00:00,1031,76,42
2025-02-17T12:29:37.742937+00:00,1052,6,3
2025-02-17T12:29:37.742937+00:00,1018,92,49
2025-02-17T12:29:37.742937+00:00,1026,15,6
2025-02-17T12:29:37.742937+00:00,1022,11,5
2025-02-17T12:29:37.742937+00:00,1050,73,39
2025-02-17T12:29:37.742937+00:00,1048,39,23
2025-02-17T12:29:37.742937+00:00,1040,20,11
2025-02-17T12:29:37.742937+00:00,1033,4,2
2025-02-17T12:29:37.742937+00:00,1016,30,13
2025-02-17T12:29:37.742937+00:00,1035,33,18
2025-02-17T12:29:37.742937+00:00,1043,27,11
2025-02-17T12:29:37.742937+00:00,1029,19,13
2025-02-17T12:29:37.742937+00:00,1034,25,13
2025-02-17T12:29:37.742937+00:00,1024,31,10
2025-02-17T12:29:37.742937+00:00,1025,125,59
2025-02-17T12:29:37.742937+00:00,1038,20,11
2025-02-17T12:29:37.742937+00:00,1032,35,14
2025-02-17T18:19:17.450293+00:00,1036,13,7
2025-02-17T18:19:17.450293+00:00,1015,20,16
2025-02-17T18:19:17.450293+00:00,1048,39,23
2025-02-17T18:19:17.450293+00:00,1038,20,11
2025-02-17T18:19:17.450293+00:00,1033,4,2
2025-02-17T18:19:17.450293+00:00,1016,30,13
2025-02-17T18:19:17.450293+00:00,1039,38,21
2025-02-17T18:19:17.450293+00:00,1041,43,25
2025-02-17T18:19:17.450293+00:00,1029,19,13
2025-02-17T18:19:17.450293+00:00,1034,25,13
2025-02-17T18:19:17.450293+00:00,1050,73,39
2025-02-17T18:19:17.450293+00:00,1043,27,11
2025-02-17T18:19:17.450293+00:00,1018,92,49
2025-02-17T18:19:17.450293+00:00,1031,76,42
2025-02-17T18:19:17.450293+00:00,1040,20,11
2025-02-17T18:19:17.450293+00:00,1024,31,10
2025-02-17T18:19:17.450293+00:00,1032,35,14
2025-02-17T18:19:17.450293+00:00,1025,125,59
2025-02-17T18:19:17.450293+00:00,1027,70,39
2025-02-17T18:19:17.450293+00:00,1049,12,4
2025-02-17T18:19:17.450293+00:00,1052,6,3
2025-02-17T18:19:17.450293+00:00,1042,46,20
2025-02-17T18:19:17.450293+00:00,1011,16,11
2025-02-17T18:19:17.450293+00:00,1026,15,6
2025-02-17T18:19:17.450293+00:00,1014,65,28
2025-02-17T18:19:17.450293+00:00,1037,49,20
2025-02-17T18:19:17.450293+00:00,1020,40,19
2025-02-17T18:19:17.450293+00:00,1030,78,41
2025-02-17T18:19:17.450293+00:00,1045,33,19
2025-02-17T18:19:17.450293+00:00,1035,33,18
2025-02-17T18:19:17.450293+00:00,1022,11,5
2025-02-18T01:07:42.079498+00:00,1042,46,20
2025-02-18T01:07:42.079498+00:00,1039,38,21
2025-02-18T01:07:42.079498+00:00,1014,65,28
2025-02-18T01:07:42.079498+00:00,1037,51,21
2025-02-18T01:07:42.079498+00:00,1038,20,11
2025-02-18T01:07:42.079498+00:00,1018,94,50
2025-02-18T01:07:42.079498+00:00,1034,25,13
2025-02-18T01:07:42.079498+00:00,1031,76,42
2025-02-18T01:07:42.079498+00:00,1022,11,5
2025-02-18T01:07:42.079498+00:00,1025,127,60
2025-02-18T01:07:42.079498+00:00,1011,16,11
2025-02-18T01:07:42.079498+00:00,1030,79,42
2025-02-18T01:07:42.079498+00:00,1024,31,10
2025-02-18T01:07:42.079498+00:00,1020,41,19
2025-02-18T01:07:42.079498+00:00,1027,70,39
2025-02-18T01:07:42.079498+00:00,1032,35,14
2025-02-18T01:07:42.079498+00:00,1041,44,26
2025-02-18T01:07:42.079498+00:00,1015,20,16
2025-02-18T01:07:42.079498+00:00,1035,33,18
2025-02-18T01:07:42.079498+00:00,1048,39,23
2025-02-18T01:07:42.079498+00:00,1050,73,39
2025-02-18T01:07:42.079498+00:00,1040,20,11
2025-02-18T01:07:42.079498+00:00,1043,27,11
2025-02-18T01:07:42.079498+00:00,1016,30,13
2025-02-18T01:07:42.079498+00:00,1052,6,3
2025-02-18T01:07:42.079498+00:00,1049,12,4
2025-02-18T01:07:42.079498+00:00,1036,13,7
2025-02-18T01:07:42.079498+00:00,1026,15,6
2025-02-18T01:07:42.079498+00:00,1045,34,19
2025-02-18T01:07:42.079498+00:00,1033,4,2
2025-02-18T01:07:42.079498+00:00,1029,20,13
2025-02-18T06:20:13.685246+00:00,1016,30,13
2025-02-18T06:20:13.685246+00:00,1050,73,39
2025-02-18T06:20:13.685246+00:00,1014,65,28
2025-02-18T06:20:13.685246+00:00,1040,20,11
2025-02-18T06:20:13.685246+00:00,1049,12,4
2025-02-18T06:20:13.685246+00:00,1029,20,13
2025-02-18T06:20:13.685246+00:00,1039,38,21
2025-02-18T06:20:13.685246+00:00,1043,27,11
2025-02-18T06:20:13.685246+00:00,1011,16,11
2025-02-18T06:20:13.685246+00:00,1048,39,23
2025-02-18T06:20:13.685246+00:00,1038,20,11
2025-02-18T06:20:13.685246+00:00,1027,70,39
2025-02-18T06:20:13.685246+00:00,1034,25,13
2025-02-18T06:20:13.685246+00:00,1041,44,26
2025-02-18T06:20:13.685246+00:00,1037,51,21
2025-02-18T06:20:13.685246+00:00,1045,34,19
2025-02-18T06:20:13.685246+00:00,1036,13,7
2025-02-18T06:20:13.685246+00:00,1042,46,20
2025-02-18T06:20:13.685246+00:00,1033,4,2
2025-02-18T06:20:13.685246+00:00,1024,31,10
2025-02-18T06:20:13.685246+00:00,1022,11,5
2025-02-18T06:20:13.685246+00:00,1035,33,18
2025-02-18T06:20:13.685246+00:00,1025,127,60
2025-02-18T06:20:13.685246+00:00,1018,94,50
2025-02-18T06:20:13.685246+00:00,1031,76,42
2025-02-18T06:20:13.685246+00:00,1026,15,6
2025-02-18T06:20:13.685246+00:00,1015,20,16
2025-02-18T06:20:13.685246+00:00,1032,35,14
2025-02-18T06:20:13.685246+00:00,1030,79,42
2025-02-18T06:20:13.685246+00:00,1020,41,19
2025-02-18T06:20:13.685246+00:00,1052,6,3
2025-02-18T12:28:44.464697+00:00,1050,73,39
2025-02-18T12:28:44.464697+00:00,1040,20,11
2025-02-18T12:28:44.464697+00:00,1041,44,26
2025-02-18T12:28:44.464697+00:00,1031,77,43
2025-02-18T12:28:44.464697+00:00,1052,6,3
2025-02-18T12:28:44.464697+00:00,1025,128,61
2025-02-18T12:28:44.464697+00:00,1039,38,21
2025-02-18T12:28:44.464697+00:00,1037,52,22
2025-02-18T12:28:44.464697+00:00,1048,39,23
2025-02-18T12:28:44.464697+00:00,1043,27,11
2025-02-18T12:28:44.464697+00:00,1011,16,11
2025-02-18T12:28:44.464697+00:00,1014,65,28
2025-02-18T12:28:44.464697+00:00,1032,35,14
2025-02-18T12:28:44.464697+00:00,1030,80,43
2025-02-18T12:28:44.464697+00:00,1024,31,10
2025-02-18T12:28:44.464697+00:00,1045,34,19
2025-02-18T12:28:44.464697+00:00,1035,33,18
2025-02-18T12:28:44.464697+00:00,1016,30,13
2025-02-18T12:28:44.464697+00:00,1026,15,6
2025-02-18T12:28:44.464697+00:00,1029,20,13
2025-02-18T12:28:44.464697+00:00,1027,70,39
2025-02-18T12:28:44.464697+00:00,1033,4,2
2025-02-18T12:28:44.464697+00:00,1022,11,5
2025-02-18T12:28:44.464697+00:00,1049,12,4
2025-02-18T12:28:44.464697+00:00,1036,13,7
2025-02-18T12:28:44.464697+00:00,1018,95,51
2025-02-18T12:28:44.464697+00:00,1015,20,16
2025-02-18T12:28:44.464697+00:00,1038,21,12
2025-02-18T12:28:44.464697+00:00,1020,41,19
2025-02-18T12:28:44.464697+00:00,1034,25,13
2025-02-18T12:28:44.464697+00:00,1042,46,20
