timestamp,rank,player_name,rank_name,score,matches,player_id,rank_score,is_private
2025-02-04T16:30:38.615879,2,ŤTK,One Above All,2205348,226,2098842413,NaN,Yes
2025-02-04T16:30:38.615879,7,Rymazing,One Above All,2205312,159,1272342893,NaN,Yes
2025-02-04T16:30:38.615879,4,phi.,One Above All,2205321,126,1963769392,NaN,Yes
2025-02-04T16:30:38.615879,10,DogeBiceps,One Above All,2205303,265,1819251256,NaN,Yes
2025-02-04T16:30:38.615879,5,Nuk,One Above All,2205320,439,1827332554,NaN,Yes
2025-02-04T16:30:38.615879,8,SparkR,One Above All,2205310,107,1308558579,5311,No
2025-02-04T16:30:38.615879,1,Window,One Above All,2205362,288,1292047975,NaN,Yes
2025-02-04T16:30:38.615879,9,Sypeh,One Above All,2205304,113,670067075,5305,No
2025-02-04T16:30:38.615879,3,nectar,One Above All,2205347,303,634261528,5347,No
2025-02-04T16:30:38.615879,6,MACE,One Above All,2205316,328,1602282958,5317,No
2025-02-04T16:30:38.615879,12,harveƴ,One Above All,2205294,196,583570316,5294,No
2025-02-04T16:30:38.615879,11,Vìnnie,One Above All,2205298,346,1048390571,5298,No
2025-02-04T16:30:38.615879,14,SparkR xP,One Above All,2205293,74,1782773424,5293,No
2025-02-04T16:30:38.615879,16,dongmin,One Above All,2205287,305,571911194,5287,No
2025-02-04T16:30:38.615879,15,SJP,One Above All,2205289,322,836560430,5290,No
2025-02-04T16:30:38.615879,13,KayZzeR,One Above All,2205293,163,53149655,5293,No
2025-02-04T16:30:38.615879,17,Blaxou,One Above All,2205282,180,791706939,NaN,Yes
2025-02-04T16:30:38.615879,18,VinnieLaGOON,One Above All,2205281,130,905224744,5282,No
2025-02-04T16:30:38.615879,19,Afersie,One Above All,2205278,204,119347591,5278,No
2025-02-04T16:30:38.615879,25,Linepro,One Above All,2205260,294,1217938227,NaN,Yes
2025-02-04T16:30:38.615879,26,Екатерина,One Above All,2205258,100,1367110328,NaN,Yes
2025-02-04T16:30:38.615879,27,micah..,One Above All,2205255,303,1685734177,NaN,Yes
2025-02-04T16:30:38.615879,20,NLE AFERSIE,One Above All,2205275,131,1080302296,5275,No
2025-02-04T16:30:38.615879,21,L9PAWJOBDRAVEN,One Above All,2205273,260,221729145,5274,No
2025-02-04T16:30:38.615879,28,ofev,One Above All,2205255,156,577218561,5256,No
2025-02-04T16:30:38.615879,22,PoxX,One Above All,2205270,301,460144938,5271,No
2025-02-04T16:30:38.615879,24,Goma,One Above All,2205261,389,1745430981,5261,No
2025-02-04T16:30:38.615879,23,bedtime5tory,One Above All,2205264,440,1988565808,5265,No
2025-02-04T16:30:38.615879,32,la kaya,One Above All,2205237,354,376002454,NaN,Yes
2025-02-04T16:30:38.615879,30,Hogz,One Above All,2205244,170,112928990,NaN,Yes
2025-02-04T16:30:38.615879,31,delenaa,One Above All,2205243,276,1755561749,5243,No
2025-02-04T16:30:38.615879,29,Wyni25,One Above All,2205250,381,1522984376,5251,No
2025-02-04T16:30:38.615879,35,.Tanuki.,One Above All,2205233,179,668613377,NaN,Yes
2025-02-04T16:30:38.615879,36,Syylvii,One Above All,2205232,133,1796517215,NaN,Yes
2025-02-04T16:30:38.615879,34,AŠA,One Above All,2205234,567,893711973,NaN,Yes
2025-02-04T16:30:38.615879,33,Healis_TTV,One Above All,2205235,284,726053674,5235,No
2025-02-04T16:30:38.615879,41,Milkboy,One Above All,2205224,246,1936082675,NaN,Yes
2025-02-04T16:30:38.615879,40,IIllIIlllIllII,One Above All,2205226,198,1926403234,NaN,Yes
2025-02-04T16:30:38.615879,37,FAKER,One Above All,2205231,320,704560659,NaN,Yes
2025-02-04T16:30:38.615879,38,phi xP,One Above All,2205228,73,36063011,5228,No
2025-02-04T16:30:38.615879,39,Finnsi,One Above All,2205228,182,1651337303,5228,No
2025-02-04T16:30:38.615879,42,stravery,Eternity,2205222,471,1263678808,5222,No
2025-02-04T16:30:38.615879,47,Brón,One Above All,2205217,206,1434800153,5217,No
2025-02-04T16:30:38.615879,46,ChimichangaZzz,One Above All,2205218,119,738700429,5218,No
2025-02-04T16:30:38.615879,44,pålpex,One Above All,2205219,289,1362318547,5220,No
2025-02-04T16:30:38.615879,43,iRemiix,One Above All,2205222,574,1176469067,5222,No
2025-02-04T16:30:38.615879,45,doomedd,One Above All,2205219,374,878155937,5219,No
2025-02-04T16:30:38.615879,48,SPVCE,One Above All,2205217,365,902797989,5217,No
2025-02-04T16:30:38.615879,49,speedily,One Above All,2205215,148,1677216165,5215,No
2025-02-04T16:30:38.615879,50,Karova,One Above All,2205213,178,1710082533,5214,No
2025-02-04T16:30:38.615879,51,JT3rd,One Above All,2205213,126,1909928953,NaN,Yes
2025-02-04T16:30:38.615879,52,jibory,One Above All,2205212,268,277790407,5213,No
2025-02-04T16:30:38.615879,55,SwordOfX,One Above All,2205209,433,582443090,NaN,Yes
2025-02-04T16:30:38.615879,53,s1natraa,One Above All,2205211,261,644692211,5211,No
2025-02-04T16:30:38.615879,54,Daes,One Above All,2205210,246,1158077814,5211,No
2025-02-04T16:30:38.615879,56,RaringGarlic18,One Above All,2205208,256,215939088,5209,No
2025-02-04T16:30:38.615879,59,Malenia,One Above All,2205204,366,1999550950,NaN,Yes
2025-02-04T16:30:38.615879,57,Gainer,One Above All,2205208,267,1346333485,NaN,Yes
2025-02-04T16:30:38.615879,58,Poopedmyself,One Above All,2205204,85,1780069141,5205,No
2025-02-04T16:30:38.615879,61,CptDmF,One Above All,2205201,117,1252676896,5201,No
2025-02-04T16:30:38.615879,60,Valentina Eve,One Above All,2205201,302,1463808624,5202,No
2025-02-04T16:30:38.615879,63,Scattergengi,One Above All,2205199,244,21095946,NaN,Yes
2025-02-04T16:30:38.615879,67,Bookr,One Above All,2205194,346,2070040667,NaN,Yes
2025-02-04T16:30:38.615879,66,Fidel,One Above All,2205194,232,126003175,NaN,Yes
2025-02-04T16:30:38.615879,62,Impunity,One Above All,2205200,200,1290955273,5200,No
2025-02-04T16:30:38.615879,64,ShroomsSoup,One Above All,2205195,184,2105966244,5195,No
2025-02-04T16:30:38.615879,65,iiibehwnwehwhj,One Above All,2205194,502,1438946227,5195,No
2025-02-04T16:30:38.615879,68,Trixxul,One Above All,2205193,538,274138141,5194,No
2025-02-04T16:30:38.615879,70,Wolfield,One Above All,2205190,448,728353961,NaN,Yes
2025-02-04T16:30:38.615879,72,DRP,One Above All,2205183,506,1678847637,NaN,Yes
2025-02-04T16:30:38.615879,73,KarovaMR TTV,One Above All,2205183,116,1962277407,5183,No
2025-02-04T16:30:38.615879,74,yiigi,One Above All,2205180,452,1670083206,NaN,Yes
2025-02-04T16:30:38.615879,69,Flamay,One Above All,2205193,236,1488831957,5193,No
2025-02-04T16:30:38.615879,77,Atrosty,One Above All,2205178,252,1977949907,NaN,Yes
2025-02-04T16:30:38.615879,76,SeungHoon,One Above All,2205178,152,1193905797,NaN,Yes
2025-02-04T16:30:38.615879,71,senorhoff,One Above All,2205186,291,1379681684,5186,No
2025-02-04T16:30:38.615879,75,ZR Midnight,One Above All,2205179,196,377452471,5179,No
2025-02-04T16:30:38.615879,79,Velocitｙ,One Above All,2205176,236,1922478665,NaN,Yes
2025-02-04T16:30:38.615879,80,Blaxou2,One Above All,2205175,216,679158951,NaN,Yes
2025-02-04T16:30:38.615879,84,ytLv1Crook,One Above All,2205170,132,2013542010,NaN,Yes
2025-02-04T16:30:38.615879,78,Vâlê,One Above All,2205178,166,1724283952,NaN,Yes
2025-02-04T16:30:38.615879,85,EgZo,One Above All,2205168,151,1305133616,NaN,Yes
2025-02-04T16:30:38.615879,88,LOURENS.,One Above All,2205166,336,631239682,NaN,Yes
2025-02-04T16:30:38.615879,81,nkae,One Above All,2205174,370,1695815167,5175,No
2025-02-04T16:30:38.615879,90,Gilbert Noodle,One Above All,2205165,395,1781451632,NaN,Yes
2025-02-04T16:30:38.615879,82,koodlenoodle,One Above All,2205173,169,2131844713,5173,No
2025-02-04T16:30:38.615879,83,Ripsnort89,One Above All,2205172,239,1725314249,5172,No
2025-02-04T16:30:38.615879,86,Isack,One Above All,2205168,275,1500082338,5169,No
2025-02-04T16:30:38.615879,89,GuardianDwn252,One Above All,2205166,203,1838367060,5166,No
2025-02-04T16:30:38.615879,91,kappahorse,One Above All,2205165,81,1129260160,5165,No
2025-02-04T16:30:38.615879,93,Deppie99,One Above All,2205161,171,810278107,NaN,Yes
2025-02-04T16:30:38.615879,87,Xxjeff2000xX,One Above All,2205167,191,2130484342,5168,No
2025-02-04T16:30:38.615879,92,kinetic flower,Eternity,2205163,492,1484958355,5164,No
2025-02-04T16:30:38.615879,95,TOOTURNTTONY99,One Above All,2205159,163,1925433326,NaN,Yes
2025-02-04T16:30:38.615879,97,loease,One Above All,2205158,195,1241430104,NaN,Yes
2025-02-04T16:30:38.615879,99,đnp,One Above All,2205156,121,2126187538,NaN,Yes
2025-02-04T16:30:38.615879,94,哪天,One Above All,2205161,334,1521866162,5161,No
2025-02-04T16:30:38.615879,101,nrg,One Above All,2205155,392,1227423758,NaN,Yes
2025-02-04T16:30:38.615879,96,AlphaChaos,One Above All,2205159,287,962014485,5159,No
2025-02-04T16:30:38.615879,100,psychotic,One Above All,2205155,121,1138941233,5156,No
2025-02-04T16:30:38.615879,98,Wzrrior,One Above All,2205157,431,1466805415,5158,No
2025-02-04T16:30:38.615879,102,happy23,One Above All,2205155,306,1378438778,5155,No
2025-02-04T16:30:38.615879,104,CrusaDe.,One Above All,2205154,159,1180099082,NaN,Yes
2025-02-04T16:30:38.615879,103,Monzter,One Above All,2205154,332,1124263368,5155,No
2025-02-04T16:30:38.615879,108,yubobagzz,One Above All,2205151,241,1776060427,NaN,Yes
2025-02-04T16:30:38.615879,109,Vaundy_,One Above All,2205151,156,1288453246,NaN,Yes
2025-02-04T16:30:38.615879,106,IIIllllIIIIlIl,Eternity,2205151,520,1977356885,5152,No
2025-02-04T16:30:38.615879,107,Smashᅟ,One Above All,2205151,230,1231005255,5152,No
2025-02-04T16:30:38.615879,111,Lindstrom2,One Above All,2205150,205,11715191,NaN,Yes
2025-02-04T16:30:38.615879,105,KJewls,One Above All,2205152,652,1309800931,5152,No
2025-02-04T16:30:38.615879,113,yanghesu,One Above All,2205148,278,1290166784,NaN,Yes
2025-02-04T16:30:38.615879,110,notbogur,One Above All,2205150,251,1201081357,5133,No
2025-02-04T16:30:38.615879,114,Rehsue,One Above All,2205148,97,196742156,5149,No
2025-02-04T16:30:38.615879,112,JT3ttv,One Above All,2205149,220,1383337771,5150,No
2025-02-04T16:30:38.615879,116,krav_ow,One Above All,2205147,298,1615873218,NaN,Yes
2025-02-04T16:30:38.615879,117,dridro,One Above All,2205146,210,2794990,NaN,Yes
2025-02-04T16:30:38.615879,115,søkø,One Above All,2205147,295,1069942110,5148,No
2025-02-04T16:30:38.615879,118,Øaths,One Above All,2205145,573,873534799,NaN,Yes
2025-02-04T16:30:38.615879,119,Meliø,Eternity,2205145,319,297936666,NaN,Yes
2025-02-04T16:30:38.615879,123,FrightType,One Above All,2205143,309,219657737,NaN,Yes
2025-02-04T16:30:38.615879,120,ErrorTerror,One Above All,2205145,178,647719275,5145,No
2025-02-04T16:30:38.615879,124,Xeno全王,One Above All,2205143,376,2048489283,NaN,Yes
2025-02-04T16:30:38.615879,121,IIllIIlllIllIl,One Above All,2205144,198,453517298,5145,No
2025-02-04T16:30:38.615879,122,calwya,Eternity,2205144,201,1696799726,5145,No
2025-02-04T16:30:38.615879,125,Vibrato,One Above All,2205142,154,1926138052,5143,No
2025-02-04T16:30:38.615879,127,RelaxingSky,One Above All,2205142,266,482283860,5142,No
2025-02-04T16:30:38.615879,126,marshall,One Above All,2205142,246,612735731,5143,No
2025-02-04T16:30:38.615879,129,BeheMoth202,One Above All,2205141,505,1426303495,NaN,Yes
2025-02-04T16:30:38.615879,130,aramori,Eternity,2205140,79,420489919,NaN,Yes
2025-02-04T16:30:38.615879,128,OpTic FormaL,One Above All,2205141,314,1552961613,5142,No
2025-02-04T16:30:38.615879,131,Krik爱,Eternity,2205140,300,956663275,NaN,Yes
2025-02-04T16:30:38.615879,134,Otos,Eternity,2205137,188,1407271708,NaN,Yes
2025-02-04T16:30:38.615879,135,stĭtch,One Above All,2205136,353,1088641789,NaN,Yes
2025-02-04T16:30:38.615879,136,.hoc,One Above All,2205136,488,213755158,NaN,Yes
2025-02-04T16:30:38.615879,132,ｓｅａｌluvr７,One Above All,2205139,218,1560512070,5140,No
2025-02-04T16:30:38.615879,137,SparkChief,One Above All,2205136,195,616643254,NaN,Yes
2025-02-04T16:30:38.615879,133,Saudv,Eternity,2205139,447,757679068,5123,No
2025-02-04T16:30:38.615879,138,Y19251658,Eternity,2205136,62,1387564419,NaN,Yes
2025-02-04T16:30:38.615879,139,Rybadzing,Eternity,2205135,81,88250173,5135,No
2025-02-04T16:30:38.615879,140,LFT HITSCAN,One Above All,2205135,259,2052517519,NaN,Yes
2025-02-04T16:30:38.615879,141,parasail,Eternity,2205135,396,696239567,5135,No
2025-02-04T16:30:38.615879,144,mistitled,One Above All,2205133,409,202610032,NaN,Yes
2025-02-04T16:30:38.615879,146,floow,One Above All,2205133,655,1376290583,NaN,Yes
2025-02-04T16:30:38.615879,145,oryxᵃᵉ,One Above All,2205133,572,36516536,NaN,Yes
2025-02-04T16:30:38.615879,142,ChoiceIsMe,One Above All,2205134,383,105262997,5096,No
2025-02-04T16:30:38.615879,143,MANW3,One Above All,2205134,178,2078730315,5134,No
2025-02-04T16:30:38.615879,147,Nevix2,One Above All,2205131,290,946097288,5132,No
2025-02-04T16:30:38.615879,149,Speedixz,One Above All,2205131,515,663215182,NaN,Yes
2025-02-04T16:30:38.615879,150,Nikato,One Above All,2205131,361,34591331,NaN,Yes
2025-02-04T16:30:38.615879,148,onlylegs,One Above All,2205131,305,1964298369,5132,No
2025-02-04T16:30:38.615879,151,Salmu,One Above All,2205131,217,1709697649,NaN,Yes
2025-02-04T16:30:38.615879,152,Sestroyed,One Above All,2205130,244,752834376,NaN,Yes
2025-02-04T16:30:38.615879,154,ƒraud,One Above All,2205129,204,22798234,5130,No
2025-02-04T16:30:38.615879,156,pøkey,One Above All,2205129,332,189146510,5129,No
2025-02-04T16:30:38.615879,155,.Tanooki.,One Above All,2205129,203,1824619983,5129,No
2025-02-04T16:30:38.615879,153,lugiagoat,One Above All,2205129,237,745574463,5130,No
2025-02-04T16:30:38.615879,157,りぱすこ,One Above All,2205129,265,1610095409,5129,No
2025-02-04T16:30:38.615879,159,drag5on,One Above All,2205128,142,1359521417,5129,No
2025-02-04T16:30:38.615879,158,month,One Above All,2205128,201,1311708461,5129,No
2025-02-04T16:30:38.615879,160,THANOS2007,One Above All,2205128,337,2027952738,5128,No
2025-02-04T16:30:38.615879,161,Stanker,One Above All,2205128,482,1045514430,5128,No
2025-02-04T16:30:38.615879,164,MIGUEL ANGELES,One Above All,2205127,346,487711370,NaN,Yes
2025-02-04T16:30:38.615879,163,Psych0,One Above All,2205128,159,377005459,5128,No
2025-02-04T16:30:38.615879,165,TeamCaptain,One Above All,2205127,233,1922432021,5128,No
2025-02-04T16:30:38.615879,162,EatingPizzaRn,Eternity,2205128,595,928830983,5128,No
2025-02-04T16:30:38.615879,167,dridro²,One Above All,2205126,94,732127368,NaN,Yes
2025-02-04T16:30:38.615879,169,Mystоgan,One Above All,2205125,166,1144057960,NaN,Yes
2025-02-04T16:30:38.615879,168,D3S3O,One Above All,2205126,496,1727258315,NaN,Yes
2025-02-04T16:30:38.615879,166,LatestRelic62,One Above All,2205127,340,2092022502,5127,No
2025-02-04T16:30:38.615879,170,Mowglli,One Above All,2205125,299,153443069,NaN,Yes
2025-02-04T16:30:38.615879,171,Nubs.,Eternity,2205125,452,1459486217,NaN,Yes
2025-02-04T16:30:38.615879,172,Smookssy,One Above All,2205123,364,1798670452,NaN,Yes
2025-02-04T16:30:38.615879,173,poteto123,One Above All,2205123,115,479990928,NaN,Yes
2025-02-04T16:30:38.615879,175,glumbussy,Eternity,2205123,180,2019834427,NaN,Yes
2025-02-04T16:30:38.615879,174,W277,One Above All,2205123,100,1537921636,NaN,Yes
2025-02-04T16:30:38.615879,177,Mehu,Eternity,2205122,259,2073274760,NaN,Yes
2025-02-04T16:30:38.615879,184,Munkmutta,One Above All,2205120,214,468312220,NaN,Yes
2025-02-04T16:30:38.615879,178,lumii,One Above All,2205122,131,5707048,5123,No
2025-02-04T16:30:38.615879,176,Waaav,One Above All,2205122,258,1016768456,5123,No
2025-02-04T16:30:38.615879,180,MrBeck,One Above All,2205122,216,1790162651,5147,No
2025-02-04T16:30:38.615879,179,Amano76,One Above All,2205122,266,1925966093,5123,No
2025-02-04T16:30:38.615879,186,Zannrin,One Above All,2205120,455,555606713,NaN,Yes
2025-02-04T16:30:38.615879,183,Nevix,One Above All,2205120,191,341638461,5121,No
2025-02-04T16:30:38.615879,185,thegamingbloke,One Above All,2205120,163,172523001,5120,No
2025-02-04T16:30:38.615879,181,MrKrabs69420,One Above All,2205121,245,1201602271,5122,No
2025-02-04T16:30:38.615879,182,Apply,One Above All,2205120,333,516956280,5121,No
2025-02-04T16:30:38.615879,187,GrappleDaddy,One Above All,2205119,119,807406498,5120,No
2025-02-04T16:30:38.615879,188,leadercp6,One Above All,2205119,141,38807343,5120,No
2025-02-04T16:30:38.615879,189,Unsaltedsalt,One Above All,2205119,363,1773919705,5119,No
2025-02-04T16:30:38.615879,190,Bready_,One Above All,2205118,172,575999283,5119,No
2025-02-04T16:30:38.615879,191,WIDÉN,One Above All,2205118,204,945136122,NaN,Yes
2025-02-04T16:30:38.615879,192,Dersa,One Above All,2205118,469,1809681106,NaN,Yes
2025-02-04T16:30:38.615879,196,IlIIlllIllIllI,One Above All,2205117,144,1900568860,NaN,Yes
2025-02-04T16:30:38.615879,194,Prime Two,One Above All,2205118,97,2057325632,5118,No
2025-02-04T16:30:38.615879,199,VisionGMG,One Above All,2205117,222,1459310871,NaN,Yes
2025-02-04T16:30:38.615879,197,wilfredinho,One Above All,2205117,193,1129540763,5117,No
2025-02-04T16:30:38.615879,195,Obv,One Above All,2205117,228,1775194581,5118,No
2025-02-04T16:30:38.615879,198,Twinedfive0,Eternity,2205117,356,1921040079,5117,No
2025-02-04T16:30:38.615879,200,Ismailo,One Above All,2205117,94,1182979691,NaN,Yes
2025-02-04T16:30:38.615879,193,I Dоnt Carе,One Above All,2205118,311,1566049394,NaN,Yes
2025-02-04T16:30:38.615879,202,Tikku__,One Above All,2205117,387,1948414529,NaN,Yes
2025-02-04T16:30:38.615879,203,8911,Eternity,2205116,271,1442735024,NaN,Yes
2025-02-04T16:30:38.615879,206,NLE KAIDIA,Eternity,2205116,163,1752679253,NaN,Yes
2025-02-04T16:30:38.615879,204,7.62,Eternity,2205116,253,917637454,NaN,Yes
2025-02-04T16:30:38.615879,209,devin1,One Above All,2205116,259,1763601079,NaN,Yes
2025-02-04T16:30:38.615879,211,Kenlakaj,One Above All,2205115,153,1582312500,NaN,Yes
2025-02-04T16:30:38.615879,201,zioearth TTV,One Above All,2205117,499,163987459,5117,No
2025-02-04T16:30:38.615879,213,Hachikobtw,One Above All,2205115,244,277946011,NaN,Yes
2025-02-04T16:30:38.615879,207,tekixd,Eternity,2205116,410,1209453028,5116,No
2025-02-04T16:30:38.615879,205,rib,One Above All,2205116,226,647020660,5117,No
2025-02-04T16:30:38.615879,210,LootedOn,One Above All,2205115,106,2089744780,5116,No
2025-02-04T16:30:38.615879,214,tspmoicl_,One Above All,2205115,88,1204350343,NaN,Yes
2025-02-04T16:30:38.615879,208,Lurk3n,One Above All,2205116,228,402266705,5116,No
2025-02-04T16:30:38.615879,215,Darthzxc,One Above All,2205115,346,677890049,NaN,Yes
2025-02-04T16:30:38.615879,216,Nymphora,One Above All,2205115,118,1501843892,NaN,Yes
2025-02-04T16:30:38.615879,212,TAP13,One Above All,2205115,289,77749781,5116,No
2025-02-04T16:30:38.615879,218,nbarrcode,Eternity,2205114,166,1116132367,NaN,Yes
2025-02-04T16:30:38.615879,220,fnsw877g87e6 w,One Above All,2205113,335,680173547,NaN,Yes
2025-02-04T16:30:38.615879,224,PINN4CLE,One Above All,2205112,146,312117169,NaN,Yes
2025-02-04T16:30:38.615879,217,Fearadot,One Above All,2205114,448,1371620463,5115,No
2025-02-04T16:30:38.615879,219,KssarPlayz,Eternity,2205114,305,1873065978,5114,No
2025-02-04T16:30:38.615879,225,radarglimpse,Eternity,2205112,567,536762465,NaN,Yes
2025-02-04T16:30:38.615879,222,Doly,One Above All,2205113,265,1054211722,5113,No
2025-02-04T16:30:38.615879,223,MrNutCracker,One Above All,2205112,206,67618591,5113,No
2025-02-04T16:30:38.615879,221,Aura Boy,Eternity,2205113,470,1904198659,5114,No
2025-02-04T16:30:38.615879,226,Trapsi,One Above All,2205112,315,1526862002,NaN,Yes
2025-02-04T16:30:38.615879,227,Knasen,One Above All,2205112,230,37838115,NaN,Yes
2025-02-04T16:30:38.615879,228,Psionic Oni,One Above All,2205112,207,2040252109,NaN,Yes
2025-02-04T16:30:38.615879,229,Rusһ,Eternity,2205112,557,1465352632,NaN,Yes
2025-02-04T16:30:38.615879,230,fanp,One Above All,2205111,127,1336742814,NaN,Yes
2025-02-04T16:30:38.615879,232,ttv  fpscollin,One Above All,2205111,101,195701337,NaN,Yes
2025-02-04T16:30:38.615879,231,Lagva,One Above All,2205111,118,294178276,NaN,Yes
2025-02-04T16:30:38.615879,233,Tsonkel55,One Above All,2205111,92,111203613,5111,No
2025-02-04T16:30:38.615879,236,That321shi,Eternity,2205111,108,1477283915,NaN,Yes
2025-02-04T16:30:38.615879,234,wingless,One Above All,2205111,94,1405850189,5111,No
2025-02-04T16:30:38.615879,238,uzỉ,One Above All,2205111,97,239205365,NaN,Yes
2025-02-04T16:30:38.615879,235,ﾐBuzzLight彡,One Above All,2205111,219,212100285,5111,No
2025-02-04T16:30:38.615879,237,Remilia bandxz,One Above All,2205111,113,931890170,5111,No
2025-02-04T16:30:38.615879,240,Ѕtrіke,Eternity,2205110,209,1487361578,NaN,Yes
2025-02-04T16:30:38.615879,241,V y,One Above All,2205110,143,1653383480,NaN,Yes
2025-02-04T16:30:38.615879,239,WizardDread,One Above All,2205110,331,304754611,5111,No
2025-02-04T16:30:38.615879,242,DragonDangle,Eternity,2205110,509,1915091234,NaN,Yes
2025-02-04T16:30:38.615879,244,Furikakae,One Above All,2205110,254,302909613,NaN,Yes
2025-02-04T16:30:38.615879,249,Leyolaz,Eternity,2205109,338,300669512,NaN,Yes
2025-02-04T16:30:38.615879,248,cathh,One Above All,2205109,184,1072862892,NaN,Yes
2025-02-04T16:30:38.615879,250,Goatl,One Above All,2205109,360,253467643,NaN,Yes
2025-02-04T16:30:38.615879,243,diemesh,One Above All,2205110,290,1841248262,5132,No
2025-02-04T16:30:38.615879,252,Y µ r i,One Above All,2205109,211,1414235638,NaN,Yes
2025-02-04T16:30:38.615879,247,hoodieonmars,One Above All,2205110,193,561936437,5110,No
2025-02-04T16:30:38.615879,246,cmd,One Above All,2205110,129,41019459,5110,No
2025-02-04T16:30:38.615879,255,7Foo,One Above All,2205108,201,439378507,NaN,Yes
2025-02-04T16:30:38.615879,251,米 米 米,One Above All,2205109,288,1299502177,5109,No
2025-02-04T16:30:38.615879,245,CRASH_-,One Above All,2205110,352,1809010480,5110,No
2025-02-04T16:30:38.615879,256,M0rd3x,One Above All,2205108,150,1613083188,NaN,Yes
2025-02-04T16:30:38.615879,254,Cybur,Eternity,2205109,394,542194170,5109,No
2025-02-04T16:30:38.615879,253,bhxvya,One Above All,2205109,265,1137008032,5109,No
2025-02-04T16:30:38.615879,257,QAQ0606,One Above All,2205108,374,647982204,NaN,Yes
2025-02-04T16:30:38.615879,259,BADGENIUS,One Above All,2205108,205,1009077697,NaN,Yes
2025-02-04T16:30:38.615879,258,KAIDIA_,One Above All,2205108,239,1767664224,5108,No
2025-02-04T16:30:38.615879,261,Tsukuуоmi,One Above All,2205108,200,1983851827,NaN,Yes
2025-02-04T16:30:38.615879,260,omgbaiser,One Above All,2205108,174,1634291423,5108,No
2025-02-04T16:30:38.615879,263,switchh,One Above All,2205108,286,1014861256,NaN,Yes
2025-02-04T16:30:38.615879,267,DEAMONN,Eternity,2205107,171,413975208,NaN,Yes
2025-02-04T16:30:38.615879,268,NotSpyglezz,One Above All,2205107,353,1323251595,NaN,Yes
2025-02-04T16:30:38.615879,264,Dinks,One Above All,2205108,145,1814260151,5108,No
2025-02-04T16:30:38.615879,262,CO2Madara,One Above All,2205108,302,351988877,5108,No
2025-02-04T16:30:38.615879,266,easycurrysnipr,One Above All,2205107,151,1280317474,5108,No
2025-02-04T16:30:38.615879,265,Cabbageツ,One Above All,2205108,279,467120374,5108,No
2025-02-04T16:30:38.615879,270,BurgerJoe50,One Above All,2205107,187,1752919806,NaN,Yes
2025-02-04T16:30:38.615879,272,Tyraxe,One Above All,2205107,134,1990671240,NaN,Yes
2025-02-04T16:30:38.615879,269,ryedenn,Eternity,2205107,391,501609971,5107,No
2025-02-04T16:30:38.615879,273,Qlexi,One Above All,2205107,151,48656021,NaN,Yes
2025-02-04T16:30:38.615879,274,死ぬのがいいわ,One Above All,2205107,107,113539393,NaN,Yes
2025-02-04T16:30:38.615879,271,Shròomy,Eternity,2205107,344,1064253999,5107,No
2025-02-04T16:30:38.615879,275,Ayamirr,One Above All,2205106,329,384767773,NaN,Yes
2025-02-04T16:30:38.615879,276,Etsu,Eternity,2205106,238,215975216,NaN,Yes
2025-02-04T16:30:38.615879,279,Xanjiee,Eternity,2205106,179,1205958945,NaN,Yes
2025-02-04T16:30:38.615879,278,TBennett,One Above All,2205106,221,1121932405,NaN,Yes
2025-02-04T16:30:38.615879,286,atkx1,Eternity,2205106,174,25075707,NaN,Yes
2025-02-04T16:30:38.615879,277,mewq7,One Above All,2205106,333,980487517,5107,No
2025-02-04T16:30:38.615879,283,grey27,One Above All,2205106,163,884104305,5107,No
2025-02-04T16:30:38.615879,281,Clockie,One Above All,2205106,288,380343600,5107,No
2025-02-04T16:30:38.615879,285,XLR84SPEED,One Above All,2205106,234,1259772234,5106,No
2025-02-04T16:30:38.615879,284,chowdog1,Eternity,2205106,264,824600912,5107,No
2025-02-04T16:30:38.615879,282,i ate,One Above All,2205106,289,1136869022,5107,No
2025-02-04T16:30:38.615879,280,Prinçé,Eternity,2205106,461,783409252,5107,No
2025-02-04T16:30:38.615879,287,cluster9,Eternity,2205106,399,1250649772,5106,No
2025-02-04T16:30:38.615879,288,Xzi.,Eternity,2205106,239,632123454,5106,No
2025-02-04T16:30:38.615879,290,Pasiw0,One Above All,2205106,182,413670785,NaN,Yes
2025-02-04T16:30:38.615879,294,Pizzademon,One Above All,2205105,235,565643760,NaN,Yes
2025-02-04T16:30:38.615879,289,cvre,One Above All,2205106,119,1398983454,NaN,Yes
2025-02-04T16:30:38.615879,292,Te Quiero Cely,One Above All,2205105,249,1376648573,NaN,Yes
2025-02-04T16:30:38.615879,296,Momentumシ,Eternity,2205105,366,803132676,NaN,Yes
2025-02-04T16:30:38.615879,298,Slaes,One Above All,2205105,353,1029677128,NaN,Yes
2025-02-04T16:30:38.615879,300,Philion²,One Above All,2205105,138,1865046454,NaN,Yes
2025-02-04T16:30:38.615879,299,FRAMERS,One Above All,2205105,214,1334440643,NaN,Yes
2025-02-04T16:30:38.615879,301,fpsᅠ,One Above All,2205105,209,1649611169,NaN,Yes
2025-02-04T16:30:38.615879,293,Jatsby,Eternity,2205105,254,448422219,5106,No
2025-02-04T16:30:38.615879,291,Absxlute,Eternity,2205106,234,159685691,5106,No
2025-02-04T16:30:38.615879,295,Garchomp,One Above All,2205105,181,1215473143,5106,No
2025-02-04T16:30:38.615879,297,MartinYuan,Eternity,2205105,408,201884923,5105,No
2025-02-04T16:30:38.615879,303,ᵇˡᵉˢˢᵉᵈ,Eternity,2205104,77,680014633,5105,No
2025-02-04T16:30:38.615879,302,Sourauu,One Above All,2205104,282,1564658312,5105,No
2025-02-04T16:30:38.615879,304,TerrariaFan4,Eternity,2205104,329,1664730597,NaN,Yes
2025-02-04T16:30:38.615879,305,SvendPro,One Above All,2205104,94,324940301,NaN,Yes
2025-02-04T16:30:38.615879,306,donald,One Above All,2205104,137,661341715,NaN,Yes
2025-02-04T16:30:38.615879,308,Wiiz,One Above All,2205104,249,1046837433,NaN,Yes
2025-02-04T16:30:38.615879,309,7tr0,One Above All,2205104,128,848710852,NaN,Yes
2025-02-04T16:30:38.615879,310,Mather,Eternity,2205104,356,203950432,NaN,Yes
2025-02-04T16:30:38.615879,307,Natlocks,One Above All,2205104,173,813147638,NaN,Yes
2025-02-04T16:30:38.615879,311,Trippiii,One Above All,2205103,229,1891184532,NaN,Yes
2025-02-04T16:30:38.615879,314,Pride_,One Above All,2205103,142,506472765,NaN,Yes
2025-02-04T16:30:38.615879,316,Scarlet,One Above All,2205103,146,1110723340,NaN,Yes
2025-02-04T16:30:38.615879,315,alya,One Above All,2205103,94,1316114320,5104,No
2025-02-04T16:30:38.615879,312,taigahsaber,Eternity,2205103,256,816304001,5104,No
2025-02-04T16:30:38.615879,313,i<3mygf.,One Above All,2205103,179,1465981726,5104,No
2025-02-04T16:30:38.615879,317,SpongaBoba,Eternity,2205103,281,1614157597,5104,No
2025-02-04T16:30:38.615879,320,IlIIlIIIIllIIl,One Above All,2205103,71,1316062406,NaN,Yes
2025-02-04T16:30:38.615879,319,tristan..,One Above All,2205103,147,1824287881,5103,No
2025-02-04T16:30:38.615879,318,Xcersim,One Above All,2205103,289,1825097337,5104,No
2025-02-04T16:30:38.615879,322,Mistakesx,One Above All,2205103,397,778800324,NaN,Yes
2025-02-04T16:30:38.615879,321,mct2007,Eternity,2205103,123,772336931,5103,No
2025-02-04T16:30:38.615879,324,br2te,One Above All,2205103,103,34802133,NaN,Yes
2025-02-04T16:30:38.615879,325,jmilly,Eternity,2205103,321,771730773,NaN,Yes
2025-02-04T16:30:38.615879,329,rap,Eternity,2205102,268,1025390697,NaN,Yes
2025-02-04T16:30:38.615879,323,snakeCase2TTV,One Above All,2205103,367,869239239,5103,No
2025-02-04T16:30:38.615879,327,benz3,One Above All,2205102,323,953390121,NaN,Yes
2025-02-04T16:30:38.615879,326,FOREVER774,One Above All,2205103,109,352858434,5103,No
2025-02-04T16:30:38.615879,331,Shp1tzattv,One Above All,2205102,201,1399513019,NaN,Yes
2025-02-04T16:30:38.615879,330,duqko,One Above All,2205102,161,1784027772,5103,No
2025-02-04T16:30:38.615879,333,Leksell,Eternity,2205102,85,449099500,NaN,Yes
2025-02-04T16:30:38.615879,328,miie,Eternity,2205102,302,113884492,5103,No
2025-02-04T16:30:38.615879,332,Prime,One Above All,2205102,90,741773606,5103,No
2025-02-04T16:30:38.615879,334,B站.KumaOvO,One Above All,2205102,113,467656373,5102,No
2025-02-04T16:30:38.615879,336,YAN4GI,Eternity,2205102,126,1580525265,NaN,Yes
2025-02-04T16:30:38.615879,335,oxfile,One Above All,2205102,373,617092298,5102,No
2025-02-04T16:30:38.615879,337,Staestt,Eternity,2205102,186,1069919016,NaN,Yes
2025-02-04T16:30:38.615879,338,CO3Madara,One Above All,2205102,132,2130074809,5102,No
2025-02-04T16:30:38.615879,339,Alx,One Above All,2205101,249,1085483793,NaN,Yes
2025-02-04T16:30:38.615879,340,forkydog,Eternity,2205101,219,1159933157,5102,No
2025-02-04T16:30:38.615879,343,Dreadingz,One Above All,2205101,180,1701296330,NaN,Yes
2025-02-04T16:30:38.615879,341,MCHOOOOOOPER,One Above All,2205101,172,1197495745,5102,No
2025-02-04T16:30:38.615879,345,SNAKE001009,One Above All,2205101,118,884244806,NaN,Yes
2025-02-04T16:30:38.615879,342,pieaura,Eternity,2205101,158,1082307301,5102,No
2025-02-04T16:30:38.615879,344,TTVCringeAlarm,Eternity,2205101,358,485508210,5062,No
2025-02-04T16:30:38.615879,346,Withmere,One Above All,2205101,263,1767233505,5101,No
2025-02-04T16:30:38.615879,347,Unovvn,Eternity,2205101,387,893457830,5101,No
2025-02-04T16:30:38.615879,348,ZDG.,One Above All,2205101,529,810984660,NaN,Yes
2025-02-04T16:30:38.615879,349,TheArgonaut,One Above All,2205100,272,2073635765,5101,No
2025-02-04T16:30:38.615879,352,CRAZMANG,One Above All,2205100,157,598969707,NaN,Yes
2025-02-04T16:30:38.615879,350,random kill,One Above All,2205100,206,701704108,5101,No
2025-02-04T16:30:38.615879,353,laosiji,One Above All,2205100,551,544100129,NaN,Yes
2025-02-04T16:30:38.615879,356,Aregar,One Above All,2205100,241,305678668,NaN,Yes
2025-02-04T16:30:38.615879,357,madara1161,One Above All,2205100,195,1008813993,NaN,Yes
2025-02-04T16:30:38.615879,358,ORIFRI,Eternity,2205100,246,624488661,NaN,Yes
2025-02-04T16:30:38.615879,354,Dlear,One Above All,2205100,99,1661552814,5100,No
2025-02-04T16:30:38.615879,351,valuedd,One Above All,2205100,487,1160424098,5101,No
2025-02-04T16:30:38.615879,359,Drax Vol. 1,One Above All,2205100,283,1537589491,NaN,Yes
2025-02-04T16:30:38.615879,360,Egir2,One Above All,2205100,119,1866452929,NaN,Yes
2025-02-04T16:30:38.615879,361,SmurfGuxueFlat,Eternity,2205097,122,560582966,NaN,Yes
2025-02-04T16:30:38.615879,355,Hydrogen_Bomb5,One Above All,2205100,308,1889296224,5100,No
2025-02-04T16:30:38.615879,363,LarryW,One Above All,2205096,272,517018600,NaN,Yes
2025-02-04T16:30:38.615879,367,baiser,One Above All,2205093,197,926365766,NaN,Yes
2025-02-04T16:30:38.615879,364,Raajaro,One Above All,2205096,171,1474829183,5097,No
2025-02-04T16:30:38.615879,362,Beasty,One Above All,2205096,254,2099593862,5097,No
2025-02-04T16:30:38.615879,368,Kurt Angle,One Above All,2205093,198,380984783,5094,No
2025-02-04T16:30:38.615879,366,VeryStickyGuy,One Above All,2205094,289,758587770,5076,No
2025-02-04T16:30:38.615879,369,Oasis..-,One Above All,2205091,242,875253531,5092,No
2025-02-04T16:30:38.615879,365,YILS,One Above All,2205096,340,1876000673,5142,No
2025-02-04T16:30:38.615879,370,STIKKIET,One Above All,2205091,263,1527006910,5091,No
2025-02-04T16:30:38.615879,372,yorifps,One Above All,2205090,501,178327016,NaN,Yes
2025-02-04T16:30:38.615879,374,wunasnow,One Above All,2205089,202,1621639019,NaN,Yes
2025-02-04T16:30:38.615879,373,Nesia,Eternity,2205090,585,1288094164,NaN,Yes
2025-02-04T16:30:38.615879,376,loyr,Eternity,2205089,353,261335088,NaN,Yes
2025-02-04T16:30:38.615879,375,Bubblys,One Above All,2205089,140,2129803702,5090,No
2025-02-04T16:30:38.615879,378,Malouki,One Above All,2205088,346,875554618,NaN,Yes
2025-02-04T16:30:38.615879,377,JAIX,One Above All,2205089,302,1011550527,NaN,Yes
2025-02-04T16:30:38.615879,371,íMonkey,One Above All,2205091,201,1748758415,5113,No
2025-02-04T16:30:38.615879,379,ツTricksterツ,Eternity,2205088,193,1879022034,NaN,Yes
2025-02-04T16:30:38.615879,380,Nacklar,One Above All,2205088,384,2027080095,5088,No
2025-02-04T16:30:38.615879,381,bighorse98,Eternity,2205087,141,663361761,5087,No
2025-02-04T16:30:38.615879,382,IllIIIlllIllII,Eternity,2205087,127,944510701,5087,No
2025-02-04T16:30:38.615879,383,_Sewerslvt,One Above All,2205087,105,1380867933,5087,No
2025-02-04T16:30:38.615879,385,PolarEX13,One Above All,2205087,158,931261061,5087,No
2025-02-04T16:30:38.615879,384,desly,One Above All,2205087,279,652748306,5087,No
2025-02-04T16:30:38.615879,386,rosa,One Above All,2205086,178,322799218,5086,No
2025-02-04T16:30:38.615879,387,manually,One Above All,2205086,234,289579190,5086,No
2025-02-04T16:30:38.615879,390,Altair,Eternity,2205085,462,509919814,NaN,Yes
2025-02-04T16:30:38.615879,389,TTV_Skitt1ez2,One Above All,2205085,98,282279422,NaN,Yes
2025-02-04T16:30:38.615879,388,Februaryqy,One Above All,2205085,161,1512107476,5086,No
2025-02-04T16:30:38.615879,391,Dantwist,One Above All,2205083,211,1917542548,5084,No
2025-02-04T16:30:38.615879,392,Antie,One Above All,2205082,127,1002929076,5083,No
2025-02-04T16:30:38.615879,393,slemnish,Eternity,2205082,138,790148806,5082,No
2025-02-04T16:30:38.615879,394,burnerpyro,Eternity,2205081,376,1216128626,5082,No
2025-02-04T16:30:38.615879,395,Aka1jin TTV,One Above All,2205081,289,1311661063,5082,No
2025-02-04T16:30:38.615879,396,Crysis2,One Above All,2205081,374,406993157,5082,No
2025-02-04T16:30:38.615879,400,Zcube,Eternity,2205080,400,208542408,NaN,Yes
2025-02-04T16:30:38.615879,399,zhexos,Eternity,2205081,309,302000233,NaN,Yes
2025-02-04T16:30:38.615879,397,twitchLanderr1,Eternity,2205081,626,499745711,5082,No
2025-02-04T16:30:38.615879,402,Fluttеrshyy,One Above All,2205079,181,1109987410,NaN,Yes
2025-02-04T16:30:38.615879,398,Glebabase,One Above All,2205081,192,42990081,5082,No
2025-02-04T16:30:38.615879,403,邻家男孩小死神,Eternity,2205078,82,1557096742,5079,No
2025-02-04T16:30:38.615879,401,Wyifu,One Above All,2205079,362,1560527635,5103,No
2025-02-04T16:30:38.615879,404,m2zuri,One Above All,2205078,169,2047880870,NaN,Yes
2025-02-04T16:30:38.615879,406,minх,Eternity,2205077,492,2109283686,NaN,Yes
2025-02-04T16:30:38.615879,407,Flacara,One Above All,2205077,142,572722167,NaN,Yes
2025-02-04T16:30:38.615879,405,PAWGerz,One Above All,2205078,284,199739959,5078,No
2025-02-04T16:30:38.615879,409,Woofles.,Eternity,2205075,329,1471579844,NaN,Yes
2025-02-04T16:30:38.615879,413,Wakanda-Foreva,One Above All,2205074,375,1790398222,NaN,Yes
2025-02-04T16:30:38.615879,410,Lindstrom,One Above All,2205074,90,487945060,5075,No
2025-02-04T16:30:38.615879,412,wahaha_,One Above All,2205074,293,151310383,5074,No
2025-02-04T16:30:38.615879,411,BigJhonson29,One Above All,2205074,249,265145932,5074,No
2025-02-04T16:30:38.615879,417,TrqstMe,One Above All,2205070,94,1364513129,5071,No
2025-02-04T16:30:38.615879,414,Slxud,One Above All,2205073,236,401343525,5074,No
2025-02-04T16:30:38.615879,408,EVIL MAGICIAN,One Above All,2205077,338,850741387,5077,No
2025-02-04T16:30:38.615879,416,ѕkier,One Above All,2205073,165,1489284289,5073,No
2025-02-04T16:30:38.615879,415,whyAndr3w,One Above All,2205073,370,348661955,5074,No
2025-02-04T16:30:38.615879,419,Picklenutnut,Celestial 1,2105095,162,849217929,NaN,Yes
2025-02-04T16:30:38.615879,420,icaki2k,Celestial 1,2105094,399,1610773851,NaN,Yes
2025-02-04T16:30:38.615879,422,tilted person,Celestial 1,2105092,94,1037852723,NaN,Yes
2025-02-04T16:30:38.615879,425,snayz,Celestial 1,2105089,258,762309261,NaN,Yes
2025-02-04T16:30:38.615879,418,Fandori_TTV,One Above All,2205070,368,446666043,5070,No
2025-02-04T16:30:38.615879,426,Smafer,Celestial 1,2105087,271,801152991,NaN,Yes
2025-02-04T16:30:38.615879,424,9m1sery,Celestial 1,2105090,123,1729536134,5091,No
2025-02-04T16:30:38.615879,428,NivanFieldxxx,Celestial 1,2105085,245,1788252703,NaN,Yes
2025-02-04T16:30:38.615879,421,Spoon,Celestial 1,2105094,225,2069641180,5094,No
2025-02-04T16:30:38.615879,429,snusEmpire,Celestial 1,2105085,128,1292933485,NaN,Yes
2025-02-04T16:30:38.615879,423,Necros,Celestial 1,2105092,236,687416102,5073,No
2025-02-04T16:30:38.615879,427,NLE CHOPPA,Celestial 1,2105087,489,812840743,5070,No
2025-02-04T16:30:38.615879,431,VEI2SACE,Celestial 1,2105083,149,1772757096,NaN,Yes
2025-02-04T16:30:38.615879,432,TTV_Skitt1esz3,Celestial 1,2105082,144,519986680,NaN,Yes
2025-02-04T16:30:38.615879,433,CheezitEater27,Celestial 1,2105082,432,1923800823,NaN,Yes
2025-02-04T16:30:38.615879,435,Limonаdа,Celestial 1,2105081,131,1615004192,NaN,Yes
2025-02-04T16:30:38.615879,437,bluudi,Celestial 1,2105080,737,1820036503,NaN,Yes
2025-02-04T16:30:38.615879,439,kl0sar,Celestial 1,2105077,225,1799178720,NaN,Yes
2025-02-04T16:30:38.615879,434,whoribleplayer,Celestial 1,2105082,219,575205252,5082,No
2025-02-04T16:30:38.615879,430,Cronos15,Celestial 1,2105084,305,528142422,5085,No
2025-02-04T16:30:38.615879,440,Shaax,Celestial 1,2105077,159,1350506403,5077,No
2025-02-04T16:30:38.615879,442,Roco__,Celestial 1,2105076,179,1257081866,NaN,Yes
2025-02-04T16:30:38.615879,436,Chuckleshaha_,Celestial 1,2105080,246,678655233,5080,No
2025-02-04T16:30:38.615879,438,FUNFUN,Celestial 1,2105079,296,815396308,5060,No
2025-02-04T16:30:38.615879,441,waffz,Celestial 1,2105076,182,1696673191,5077,No
2025-02-04T16:30:38.615879,443,zombie12thfan,Celestial 1,2105076,370,2106030823,5104,No
2025-02-04T16:30:38.615879,444,Parker,Celestial 1,2105076,375,121951500,5076,No
2025-02-04T16:30:38.615879,445,Duffs,Celestial 1,2105075,154,2044748935,5076,No
2025-02-04T16:30:38.615879,446,snowjayTV,Celestial 1,2105075,148,1062202996,5056,No
2025-02-04T16:30:38.615879,447,Thewild9,Celestial 1,2105075,410,755774999,5038,No
2025-02-04T16:30:38.615879,450,lilbigplanet3,Celestial 1,2105074,213,1271673161,NaN,Yes
2025-02-04T16:30:38.615879,454,ACETKILLER,Celestial 1,2105074,146,1363943667,NaN,Yes
2025-02-04T16:30:38.615879,453,rеz,Celestial 1,2105074,192,1691627787,NaN,Yes
2025-02-04T16:30:38.615879,451,blur,Celestial 1,2105074,285,204003588,NaN,Yes
2025-02-04T16:30:38.615879,448,Kristoffee,Celestial 1,2105074,210,1197204589,5075,No
2025-02-04T16:30:38.615879,449,GURUᵗᵗᵛ,Celestial 1,2105074,213,791221660,5075,No
2025-02-04T16:30:38.615879,452,GUCKFALEE,Celestial 1,2105074,266,1701661468,5074,No
2025-02-04T16:30:38.615879,457,Adrian Clarson,Celestial 1,2105072,439,960846983,NaN,Yes
2025-02-04T16:30:38.615879,456,TheThunderGod,Celestial 1,2105072,212,837135572,NaN,Yes
2025-02-04T16:30:38.615879,455,forevrnevr,Celestial 1,2105073,259,915159987,5073,No
2025-02-04T16:30:38.615879,459,Netwørkz,Celestial 1,2105071,205,2081375858,NaN,Yes
2025-02-04T16:30:38.615879,458,alex2y,Celestial 1,2105072,172,55125940,5072,No
2025-02-04T16:30:38.615879,460,mhd,Celestial 1,2105071,264,1839364841,5072,No
2025-02-04T16:30:38.615879,461,Slopо,Celestial 1,2105071,407,1917215551,5037,No
2025-02-04T16:30:38.615879,463,F.R.l.D.A.Y,Celestial 1,2105070,251,1169870086,NaN,Yes
2025-02-04T16:30:38.615879,462,AnyGIFTERS,Celestial 1,2105070,161,1027027010,5071,No
2025-02-04T16:30:38.615879,464,LACOON2009,Celestial 1,2105070,143,145478659,5071,No
2025-02-04T16:30:38.615879,466,weey,Celestial 1,2105070,397,1053483342,NaN,Yes
2025-02-04T16:30:38.615879,465,Valithria,Celestial 1,2105070,107,1029835604,5071,No
2025-02-04T16:30:38.615879,469,Alphy,Celestial 1,2105069,233,1767928625,NaN,Yes
2025-02-04T16:30:38.615879,470,Secret',Celestial 1,2105068,161,1399310417,NaN,Yes
2025-02-04T16:30:38.615879,471,TimTimCJ,Celestial 1,2105068,355,1932858044,NaN,Yes
2025-02-04T16:30:38.615879,472,Inspo,Celestial 1,2105068,148,1992795506,NaN,Yes
2025-02-04T16:30:38.615879,467,Psykhoo,Celestial 1,2105069,215,1161756709,5070,No
2025-02-04T16:30:38.615879,468,Vastus,Celestial 1,2105069,559,1235995526,5071,No
2025-02-04T16:30:38.615879,474,Lenturd,Celestial 1,2105067,124,1690304785,5068,No
2025-02-04T16:30:38.615879,473,Damiеn,Celestial 1,2105068,356,1457056057,5068,No
2025-02-04T16:30:38.615879,475,pålpex76,Celestial 1,2105067,218,1521339739,5068,No
2025-02-04T16:30:38.615879,476,Carrotuwu,Celestial 1,2105067,364,621246607,5067,No
2025-02-04T16:30:38.615879,477,itseasymode,Celestial 1,2105067,652,1154330978,4898,No
2025-02-04T16:30:38.615879,478,EPOM,Celestial 1,2105067,246,1093147218,5067,No
2025-02-04T16:30:38.615879,480,mL7,Celestial 1,2105066,261,81503500,NaN,Yes
2025-02-04T16:30:38.615879,482,Brawntz,Celestial 1,2105066,242,2101429291,NaN,Yes
2025-02-04T16:30:38.615879,483,jagle,Celestial 1,2105066,109,890982312,5066,No
2025-02-04T16:30:38.615879,487,Pierrg,Celestial 1,2105065,337,332001348,NaN,Yes
2025-02-04T16:30:38.615879,479,Tramear,Celestial 1,2105066,678,1951224000,5067,No
2025-02-04T16:30:38.615879,484,Blazze,Celestial 1,2105065,117,396261449,5066,No
2025-02-04T16:30:38.615879,481,Tioo,Celestial 1,2105066,413,1240078913,5067,No
2025-02-04T16:30:38.615879,485,JohnPorky2002,Celestial 1,2105065,330,1902516365,5066,No
2025-02-04T16:30:38.615879,486,Heart Anthem,Celestial 1,2105065,382,527288870,5087,No
2025-02-04T16:30:38.615879,488,Fogoo,Celestial 1,2105065,109,496907162,5065,No
2025-02-04T16:30:38.615879,489,Nina,Celestial 1,2105064,427,1936714187,NaN,Yes
2025-02-04T16:30:38.615879,490,JesseJudoMan,Celestial 1,2105064,481,1890458551,NaN,Yes
2025-02-04T16:30:38.615879,492,stevoyaya,Celestial 1,2105064,231,1920161855,5064,No
2025-02-04T16:30:38.615879,491,Qwekscoper,Celestial 1,2105064,117,1010106761,5064,No
2025-02-04T16:30:38.615879,493,Hunterkillers1,Celestial 1,2105064,240,1490554212,5064,No
2025-02-04T16:30:38.615879,494,ta nos,Celestial 1,2105064,200,1453138543,5064,No
2025-02-04T16:30:38.615879,496,ItzTornado,Celestial 1,2105063,471,267946562,5064,No
2025-02-04T16:30:38.615879,495,DAVEBLLUNTZ,Celestial 1,2105063,621,1634131049,5025,No
2025-02-04T16:30:38.615879,497,Mateas,Celestial 1,2105063,148,795103394,5063,No
2025-02-04T16:30:38.615879,500,azeeeeee,Celestial 1,2105063,142,775283408,5063,No
2025-02-04T16:30:38.615879,499,Anhooman,Celestial 1,2105063,137,826504401,5063,No
2025-02-04T16:30:38.615879,498,Z0rak,Celestial 1,2105063,224,255909623,5063,No
