player_uid,player_name,highest_score,latest_score,matches,wins
742057490,Gale,4777,4777,89,62
1801595398,ZAMORAKANROIDS,4999,4999,178,109
1747960138,flesh,5040,5040,110,74
1225854624,DogeBicepz,,,25,20
2067525434,rinavx,4388,4388,65,38
1622743987,m4rch,5026,5026,534,298
1505999125,sYnceDez,4809,4809,315,173
858980387,Jay3,4917,4917,451,236
1694540152,bnanshusband,4885,4885,274,163
751456170,IIllIIlllIllI,4972,4972,129,83
455662175,objеct,4980,4980,288,166
646347084,Felix_,4948,4948,442,249
2037738677,eakn,4979,4979,155,90
1264738410,Fofey,4710,4710,215,119
1817224301,Shittied,4713,4713,88,55
1840077509,Gator99,4837,4837,216,125
1075023949,Ạustin,4804,4804,377,198
643493810,Izanori,4011,4011,179,84
1216143036,Cadyy,4912,4912,558,290
897089248,Oasis.-,5054,5054,324,205
1985906091,skyra,4664,4664,207,108
171467335,Oriion,4957,4957,113,71
1076470370,Mhysandarna,4908,4908,234,129
1256848809,potgxd,4963,4963,135,86
1538943139,Sgt Squilium,4654,4654,49,31
878016183,Laanax,4969,4969,136,80
856496217,KING BEAM,5001,5001,238,135
825829307,dafrano,4973,4973,240,141
112582572,Timothy2013,4814,4814,79,53
228204164,jianzhile16,4967,4967,169,98
1511777510,TTV Yigi4K,5056,5056,475,259
1585933425,SOLANAGOD,4955,4955,393,211
154079804,pvc,4779,4779,266,145
164328139,STAR-PLATlNUM,4968,4968,591,309
777740541,iRefist,4066,4066,61,51
707298880,p1nhead,4698,4698,179,105
126196522,KragieWasTaken,5005,5005,245,140
479531648,Rawkusz,5019,5019,220,121
436648725,Pxak,4600,4600,293,144
89501183,Michiiiii,4901,4901,184,119
1828836974,kallax_,4819,4819,266,150
8727075,WillThrow,5034,5034,417,217
1042171148,sent1ment,4806,4806,589,296
1088898169,sportsdude123,4248,4248,53,41
1051929782,DGLaplace,4231,4231,65,52
1053818697,Ripken8138,5002,5002,136,82
1809345712,Frostbit794,4874,4874,130,75
726034712,AustinPaycheck,4655,4655,103,79
1163900470,copymekid,4920,4920,208,120
1667701654,Mandetrodser,4830,4830,171,97
1066210877,dafrano2,5049,5049,130,86
1257099980,KylieRaine,4532,4532,126,80
1792387637,Huntery,4995,4995,534,288
49633888,wmwmwmwmwmwmww,4572,4572,71,53
798845317,femboitummy,4897,4897,146,89
413308174,Glac1al,4809,4809,88,62
1510712761,MORISMACHINETV,4576,4576,78,45
1464654254,xxOWHydronOWxx,4985,4985,263,149
897769408,川北茂澄,4471,4471,95,51
234738799,Hawk.,4593,4593,142,84
671939057,Eglea,4926,4926,272,174
1528568235,FlameCalibur,4580,4580,208,111
293364020,Cybertexx,4726,4726,188,115
1977078700,Warmage,4685,4685,128,79
675186267,VirtuaKermrade,3577,3577,279,136
337739106,pogpocket,4593,4593,242,136
2143234579,meddłe,4762,4762,326,178
1624344498,SantaCIaws,4992,4992,602,327
2125754457,BOTZINATOR,5035,5035,244,136
323784310,Zenoe,4873,4873,297,161
1294340283,xBrooklynx,4402,4402,313,171
463968516,Monotone,4814,4814,373,197
1609189410,top1gunzplayer,4875,4875,144,88
1362363671,Reis,4562,4562,68,43
45857569,NeverSeenWoman,4179,4179,54,46
1710704701,cartiersky,4965,4965,189,111
250555781,Snottyfinger,4901,4901,127,77
145502199,Harpae,3850,3850,50,29
1881137175,Ripscatter,4955,4955,185,110
355794496,Victinii,4554,4554,48,31
244303255,jsn1 TTV,4874,4874,376,201
2085363556,seva-goth,3583,3583,264,142
691388641,SuperCamarón,4802,4802,67,47
1392801835,Zolq,4809,4809,175,98
974541510,AdaLynx,4962,4962,610,336
1604016842,Mogus,4983,4983,469,245
557425382,davidens,4892,4892,521,268
890592836,Enz,4367,4367,42,23
241212336,ergnedstrgfw,4705,4705,67,43
106439618,showboat1,4863,4863,161,98
501039510,GAEBOIJARVY,4173,4173,54,24
117237400,Nanahyatzin,4666,4666,73,45
2067811829,NuttyNinja55,4907,4907,82,54
1622349138,WHOBRYSON,4964,4964,288,160
530196218,Fortnite233,,,167,87
2080237961,Twitch Tav10k,4764,4764,392,199
1257386590,SkibidiUnc1738,4081,4081,329,176
2105133196,SpedPhxtom,4904,4904,355,194
311465310,Malakhite,,,95,49
786926465,ilovedrpepper6,4170,4170,205,123
1569146897,Shlab123,3446,3446,135,77
267084068,SodaGoblin,3729,3729,145,84
2013823807,Pelga,4335,4335,476,234
1098706905,seta_aki,4988,4988,272,153
1156265651,Sonic_OW,4739,4739,491,252
950119551,firework,4707,4707,343,177
1919839944,Dan ._.,4610,4610,173,109
18894932,AMZ,5036,5036,161,94
941078743,RiseOfDidy,4300,4300,208,112
379576571,manaman42,5030,5030,462,233
1536507661,arxend,4754,4754,807,386
756194065,ㅇ ㅅ ㅇ,4662,4662,101,65
290245124,Jаse,3101,3101,382,195
1205893372,sdsddaee2,4896,4896,45,38
622725719,SlickFawn,3650,3650,26,15
1941856918,Akizuki,3966,3966,95,54
238024003,Haunges,3650,3650,28,14
499822288,CelineYY,4984,4984,130,83
3157973,wwwssa21231,4849,4849,126,86
710329137,zExalt,4880,4880,311,171
1149744177,Wubz311,3344,3344,571,301
352295028,sswxf222,4820,4820,90,69
1118656306,q'weqweqw,5044,5044,98,68
1296620809,步步阿萨,4796,4796,195,134
1223591075,Korex,4986,4986,751,402
506126067,Rige97,5046,5046,351,205
1086145954,GirthyMR,4922,4922,583,314
941044553,Galacticv2,4850,4850,600,328
938547051,Kenshow,3977,3977,62,42
1973238290,FlyPie,5007,5007,114,75
857832861,lolicakey,4205,4205,90,62
1221058723,SUPPRESSTTV,4911,4911,220,121
985934255,Daithiensu,5005,5005,244,159
1914459469,Big Fat Panda,4699,4699,310,158
820770669,NLE CHOPPA2,4949,4949,198,114
1589998721,Youtube_DDobi,4996,4996,343,194
1227179617,lordxaan,4099,4099,48,42
1345579222,Rigsychu,4971,4971,198,115
748417354,heezfpsTV,4529,4529,177,90
2029092471,soaphia,4666,4666,239,132
772808282,JalenMans,5037,5037,304,166
1947704698,EllumTheWise,4435,4435,276,148
1623233411,Basong,4918,4918,451,242
1024658600,.fufu.,4387,4387,319,178
517079890,Munched,5031,5031,292,161
188039257,vexyyy,4614,4614,225,110
1522362779,Ghogert,4912,4912,413,218
1884560300,knyk,5027,5027,182,106
2142502169,oArtsstx,5055,5055,522,287
755902868,FLM2Jouer,4892,4892,580,304
1132877354,dotori98,5028,5028,208,127
35411424,MADARA_EL7AMY,4270,4270,24,14
1502119500,Eush3r3,4314,4314,12,9
1551994538,realvuln,4863,4863,186,101
1499145096,Cinnabxn,4961,4961,376,221
1626155340,Magmafrags,4188,4188,136,79
2031931733,proxy2,4507,4507,156,81
627026732,TiredOfLosingg,4845,4845,464,232
2040846987,snarkyy1,4918,4918,179,110
1479845607,Dysepher,4905,4905,186,108
57199135,Amintas,4876,4876,183,105
1912404325,Jebaitedow,4977,4977,185,116
1100764411,alexany,4997,4997,241,153
131659321,KawaiiCrimson,4947,4947,296,166
789357626,Equ_,4974,4974,144,88
174055990,Wisparian,4849,4849,235,130
601447532,ȐȂŨĿ,4845,4845,294,161
89276051,msmegatron,4728,4728,243,137
831323294,k0kanan,4854,4854,632,320
1206390793,Ghasklin,4961,4961,369,204
529118704,Brawlpro_,4391,4391,319,167
1552299646,Jer,4979,4979,218,132
639977906,donfire,3770,3770,57,39
1480990728,Ezire,4934,4934,245,142
1903024260,Blackp,4810,4810,126,75
161353255,3hd,4971,4971,296,159
1130889837,vMarshall,4588,4588,111,57
1961628645,Arso,5054,5054,322,181
1310749281,DueGrub,4861,4861,320,173
894395491,floralyn,4773,4773,133,79
374142430,borderIine,5060,5060,199,138
159122409,SHARTCANDY,4773,4773,177,97
768746868,فففف,4913,4913,63,50
1881710921,Quaynk,4896,4896,347,210
364362681,InfinityJest,3092,3092,62,46
1816494488,TweakTk,5044,5044,493,264
1901286368,Lilithiaris,3000,3000,30,14
1540428539,Honenuki,4942,4942,650,349
1669465178,kal1xm,4906,4906,537,281
1071086939,Omzhh,4716,4716,165,95
111426348,LogansGirlToy,3612,3612,82,46
1375965,Among2,4963,4963,133,81
1430390707,AnsSayaKephrii,4901,4901,151,87
491022279,SillyLex,4304,4304,201,125
468199625,erinuntius,4401,4401,31,20
990178294,・・,4831,4831,92,58
1595301018,雷属性aon,4802,4802,607,305
761517366,BonzaiBuddy,3747,3747,83,45
1439699783,korkq,4043,4043,218,112
1042113239,CommanderGarvo,3643,3643,259,111
158251757,Kumo10,3228,3228,25,12
494010027,ToasterBoyy,3691,3691,145,66
32275106,Hulks Pits,3379,3379,26,15
66832569,CoolClam,4398,4398,37,24
277915639,latinas<3,4934,4934,150,92
1147737225,SalamanderSam,4679,4679,100,57
2127551855,E N D O R S I,4814,4814,50,33
1644480799,jumpinborders,4815,4815,164,90
1799828428,dinoser,5006,5006,88,64
1200611934,ChipSaOW,4917,4917,254,137
1091733860,PONG PING PONG,4642,4642,161,89
527288870,Heart Anthem,5044,5044,391,214
1876000673,YILS,5057,5057,376,208
77465159,Georan,4731,4731,101,58
2005613144,Mehrsaa,4822,4822,631,327
431511075,JustJoey,4953,4953,196,109
1317239945,Dont read this,4397,4397,527,244
860653516,Irelea,4730,4730,582,276
1604617154,KaputThread7,4803,4803,257,142
195825880,decapre,4965,4965,415,230
2094510516,bobok1ng,4842,4842,133,83
1597459724,wo2pz,4806,4806,174,102
1808561430,vessaliuss,4878,4878,220,132
547794794,iMLK,5041,5041,233,139
1614218417,Riptoo,4655,4655,157,83
1115797101,GROOTGOD69,5037,5037,151,91
1517712368,JunkInTheTrunk,3000,3000,37,17
872644290,FriedPyper,3000,3000,52,32
681266597,Raymomo,4855,4855,113,73
1260581355,........-,4803,4803,66,47
1070018326,Pnaepkin,3000,3000,133,75
1663588665,AsunaC22,4612,4612,154,81
399944772,iHuffPaint,4661,4661,164,87
1810133310,rockeater9,4602,4602,186,105
685274894,Flatsow,5013,5013,365,194
1488109467,BussinBruce62,4679,4679,183,104
313225145,superheroking,4971,4971,197,116
445768370,Jahbuty,4896,4896,333,177
2097355010,emongg,4868,4868,426,231
342453167,ItsGBA,5042,5042,460,244
1291761041,liltacoo,4935,4935,325,190
149374040,Thyasian,4922,4922,443,231
1340887080,AstroPlace,4898,4898,455,307
130236984,Scorcher,4648,4648,48,34
1760566767,Paradoxedgg,5007,5007,362,215
1226711570,Choqo1ate,4996,4996,275,154
38823398,asdcvfj2894wr2,4880,4880,95,63
611409404,8ees,4542,4542,152,81
1120459334,ت .,4699,4699,247,127
1710013630,Hitmanxd,4564,4564,81,54
1628755815,fazERecruitMe,3707,3707,30,22
1029631092,Eighty.,4545,4545,135,81
1590146592,serenis,4208,4208,152,81
6913355,debooba,4232,4232,113,63
1197161300,rosywosy,4731,4731,270,141
826316389,BackToModern,4605,4605,248,134
1886321003,Kotaren,4810,4810,314,174
602598738,полиция,4926,4926,90,61
719451766,B1gy,4778,4778,221,119
53647954,Kunningham,4748,4748,195,103
1498573163,PMAJellies,4803,4803,401,214
1077885061,hhxd,4949,4949,485,261
1173043622,DevHigh,4982,4982,409,219
1685248464,dm4feet,4688,4688,643,315
1689441794,我想跳楼,4959,4959,175,109
736741335,Orexg,4908,4908,391,226
1713014406,Jitward,4944,4944,437,230
1646176478,King  Bob,4920,4920,501,285
573532488,Tero_TTV,4921,4921,615,319
1928615684,camzs,,,386,196
1105395791,ThatDevinDude,4731,4731,623,321
1314001123,LoubillionsTTV,4818,4818,915,459
428892608,Pewl117,4816,4816,317,176
380102045,4KT Youngboy,4595,4595,378,187
1028411787,Myrena,4712,4712,91,63
1495003716,pellegrinos,4515,4515,300,167
958515183,Lorpq8,4902,4902,249,136
930214766,xCiphxr,4967,4967,170,112
853491480,jaza,4843,4843,127,78
935132189,Desspray,5016,5016,293,170
884367699,xorbq8,4975,4975,193,109
1819121358,BananaMontana,4686,4686,360,182
189331422,neb73,4860,4860,71,53
478992209,Kobekopter,3394,3394,47,25
1978552150,Bigpuffer,4814,4814,348,183
1005521403,kirrlinne,4577,4577,267,138
1105416050,EQucible,4843,4843,450,240
420054021,¹PoundFish,4818,4818,177,102
1816874854,cate dunlap,4667,4667,235,123
446987292,wonyoung,4810,4810,184,109
876351194,just_corbin,4809,4809,404,200
1446186183,KaiCenat,4963,4963,122,79
126124044,byan4l,4817,4817,241,131
1117493308,Gdízzle,5045,5045,90,63
1263905872,ManDude12345,4448,4448,14,12
1081940289,paristonhill,4736,4736,75,46
719657408,nickster501,3000,3000,12,4
687984150,VoidNovaTTV,4906,4906,541,300
1081048219,brettt,4853,4853,538,280
1205341677,momoisasleep,5001,5001,181,107
754270942,ZWE_OW,4944,4944,290,158
2027801704,ThanosEnjoyer1,5012,5012,72,52
1848553814,NoWindex,4991,4991,684,353
14954785,Docket,4750,4750,424,213
736625255,Kîtsunê,4744,4744,64,46
93531613,Kolvanzik,4812,4812,385,195
850892210,Kehmicals,4851,4851,232,134
271665489,joe shmoe mama,4988,4988,106,70
412669607,Calibarn3876,4821,4821,66,45
1186707363,Teleopsia,4987,4987,265,155
1005118478,ttv teleopsia,4964,4964,210,123
575205252,whoribleplayer,5040,5040,221,130
346278068,thelongestone,4862,4862,237,138
1788946758,424,4981,4981,317,179
438467883,6seven,4835,4835,332,174
364085840,AR7GG,4291,4291,74,48
279239502,diegregors,3000,3000,25,13
1909500392,PREDATOR.,4440,4440,460,221
491937821,・ ・ ・ ・,4773,4773,165,112
1818952994,hunchotony3x,4931,4931,221,136
1357227020,ttv.aimehigh,4898,4898,387,205
1963658065,MantazTI,4990,4990,401,219
654554312,OG Miku,4123,4123,65,41
1376965164,OohEeAohAhAh,3969,3969,110,65
601492028,Stbui,4506,4506,164,85
155348658,сrucifix,4758,4758,147,80
427012200,Xakan,4222,4222,194,109
1910183020,DuckZy,4754,4754,188,101
325319890,ѕki,4878,4878,150,100
1641905320,S76M,4997,4997,323,211
1243028032,BBro_OW,4696,4696,78,48
1667866402,Vontumbles,4727,4727,287,153
1807219409,Tylar Son,4724,4724,339,174
1579089340,thanos aura,5040,5040,472,249
373594355,moksed,4938,4938,874,459
349198229,군계일학,5002,5002,97,64
168546942,1ndebt,4860,4860,590,292
1810403720,TipDip,4562,4562,492,243
1595071370,brock¹,4893,4893,701,346
346966595,LukaOnTwitch,5059,5059,423,228
352347200,6von,4764,4764,226,123
1882718236,seerene,4825,4825,79,59
1632463162,nx >_<,4959,4959,374,214
1542032408,duoking1,4928,4928,250,165
421344569,Menacegn,4822,4822,301,162
78820916,３３３,4721,4721,185,97
664256497,Slurnt_,4992,4992,339,187
1875668629,Gozen,5060,5060,545,291
1384843843,Namor2Eternity,4998,4998,208,124
1373443767,GunnerGDH,4936,4936,205,118
1433711507,Tigathee,4938,4938,499,263
411321992,SweatLk,,,47,33
1910627790,KAZUYA水,,,25,18
739659657,jinnw,3849,3849,60,38
691882943,ELO VILLAIN,4793,4793,140,82
1857569812,Acetylcholine0,3714,3714,185,94
275073790,El Tamer,3748,3748,108,65
1073720248,jinwuu,4503,4503,140,84
123756173,AmNyamPrime,4901,4901,102,66
1595861774,thrоatgoat,3889,3889,63,45
625718967,Xafee,5038,5038,239,141
1799041421,Varler,4989,4989,235,134
339868119,Tyke,4921,4921,302,162
1636011130,COVAH,4950,4950,355,195
1188039174,Ruzer,4767,4767,203,110
2075395843,Unleashed,5001,5001,336,186
125716080,ColaMafia,4975,4975,321,175
495570916,iffƴ,4864,4864,306,166
1810213448,Burger Fifi1,4970,4970,634,326
937672142,FarisAlro,5003,5003,223,129
1854133580,matt diddler,4139,4139,86,48
501930146,SavageShark,4497,4497,126,68
495877774,Phantasia,4959,4959,266,157
990605381,TTVXlSunnyy,4870,4870,453,239
251894728,ActiveArkee,3811,3811,96,52
976035510,Divisions,4845,4845,197,114
748881408,jxebb,4882,4882,256,137
2084388627,Nav33d,3000,3000,20,15
586409056,fdomoeski,4274,4274,202,118
1497643581,Whissaman,4723,4723,271,157
481439673,JohnHartBaby,4837,4837,61,41
293122494,꼬츠미남,,,7,6
2037735971,Vowfps,4725,4725,297,155
631885184,O31O,5002,5002,209,131
742183021,Oiled Up Goths,4604,4604,674,327
1618355226,yamzzi01,4766,4766,241,128
1334122616,DoRi_01,4878,4878,282,150
1409266709,Costco,5331,5331,298,220
1185504908,lilLeonardYT,5270,5270,373,256
1471559661,Fantxm,4662,4662,139,73
1292560111,TsportyA,4673,4673,171,99
1617757674,Hitsvape,5008,5008,364,196
292127934,hammercc,4998,4998,247,138
74430962,Awoku,4678,4678,306,150
549808099,oriin,4735,4735,90,60
419829595,StillKIWI,4935,4935,259,145
44423196,RiskerFPS,4926,4926,407,214
468492354,Chance3455,4882,4882,228,122
1894351616,Eltergrim,4634,4634,145,88
82159116,zzznooze,5049,5049,226,136
1344135564,Mondot,4587,4587,157,80
1931582215,IceWarm,4806,4806,205,135
1229091693,XburritogodX,4531,4531,195,109
332401999,wudifei,4868,4868,149,85
564853016,ORAC7E,4616,4616,80,45
1590496379,JimDestroyer,4717,4717,84,66
1057556296,Yungerr,4606,4606,103,79
432354209,abba2,4556,4556,119,72
1508245507,Bovatron,4841,4841,252,152
605655268,TTVMasterDeemo,4743,4743,303,161
729877042,TooTTTooT,4919,4919,262,141
1939139150,DealWithHim,4955,4955,428,228
1011877797,Kingz2,4966,4966,215,117
972972204,Burbyy,4685,4685,198,111
1099851159,twinnem.,4953,4953,236,130
1429608476,Whitee Lilyy,3638,3638,252,138
727700901,i<3mybf,4801,4801,176,109
876526914,SwipingHearts,3537,3537,171,84
1582167285,reason,4488,4488,74,63
649505346,AtomicKilo,3331,3331,207,110
176033093,Orlandough,4228,4228,236,136
1649403435,00mars,4446,4446,207,113
1866662242,AllGibbedUp,4621,4621,245,141
148648894,Ed-Boy97,4182,4182,371,179
1793754476,OniJosh,4594,4594,308,155
1770042923,sxyuki,4764,4764,463,231
1163710445,Giccobe,4753,4753,671,343
1733251342,jakey2,5008,5008,115,74
1685953084,Brakuren,4796,4796,249,137
994114925,Dyras,4569,4569,332,169
446909386,HyanMPS,4506,4506,280,140
1712724949,HyperionMqn,4823,4823,220,127
1101705539,WildTurtle,4966,4966,387,205
284218341,GimmeUrCream,4057,4057,136,87
1479226414,XevDragon,4033,4033,70,45
2131238914,PissBag,3297,3297,82,36
1712865243,Skippp,5028,5028,338,193
1427553962,ShinyaTTV,4924,4924,585,307
807208787,Roag,4619,4619,258,136
288204854,_kc,4403,4403,58,36
1096190093,po1son1vy,4916,4916,717,380
1104110359,Rizzenger,4805,4805,241,135
839980236,Đ 1,4743,4743,493,247
718802979,GiantPhallus69,4682,4682,622,291
203065853,Ashh,5022,5022,221,126
2018858267,ˢᵖᵃᶜᵉ,4812,4812,158,104
399373726,Dalia,4816,4816,140,82
1603565237,chime-,4887,4887,234,136
1439198586,katussy,4237,4237,141,87
703635469,FlickiMinaj,4901,4901,125,85
334296100,Fluxie,4845,4845,140,94
324932884,TiniValkyrie,4955,4955,208,137
1894724576,-TRON-,4926,4926,291,158
1968384515,wqeqwe2121,4482,4482,24,19
60390049,eeessxxd22,4813,4813,78,54
1708223407,WEWES2,4839,4839,79,54
1233464055,sssaa222,4688,4688,158,98
2025359966,DuangKevin,4632,4632,214,129
905937081,double_take,4838,4838,329,195
453362292,Ouvver,4652,4652,244,126
2072274731,Batu,4900,4900,417,213
1308562079,softcookee,4848,4848,60,41
838891079,yuju.,4303,4303,209,105
1422822235,blackgnome,4884,4884,72,51
756637876,blazingway,4827,4827,31,29
931397498,brdy2,4795,4795,96,60
799516705,bryOW_,4829,4829,184,99
1125317039,heartful,4414,4414,208,120
457317984,kehem,4771,4771,80,54
1850742360,kurai29,4603,4603,287,148
1951224000,Tramear,5037,5037,710,353
1789276752,Soarano,4994,4994,406,211
244272915,BЯUSH,4941,4941,527,263
1944722345,Tensa_,5042,5042,435,242
2075568087,Aspeno,4651,4651,222,121
1514532105,Froggah,4801,4801,242,133
1368783789,fartonmyballzz,,,17,7
1877825060,Ashkotor,3964,3964,90,56
925182439,DentSkull,3552,3552,44,28
1926307186,Humbun Chewbob,3586,3586,69,36
1787455502,Nibbels,3143,3143,25,13
471603813,PANTSTWICE,4308,4308,108,50
1611672968,MartyFartatron,3610,3610,84,41
1063076932,shoodaxan,4296,4296,77,40
698375844,Kaiwyn,3000,3000,32,18
1951894812,RotundBigToe,4284,4284,124,71
1787599256,.Spirit,4825,4825,193,111
939162130,DukeSurfGuy63,4728,4728,117,78
770383063,NO TALKING,4682,4682,123,76
418230421,BobbyShmurrdaa,4595,4595,97,53
1108906793,Hanksource,4718,4718,260,154
1125544253,SARADOMINBREW,4928,4928,257,146
1477055612,FireIce213,5035,5035,215,122
83717137,magza,4903,4903,193,111
1782140456,BrownMoose1,4938,4938,665,335
1435644901,Flooid,4721,4721,275,139
1635244435,PlatinumLJ,4738,4738,378,192
302112687,Reegaal,4812,4812,455,224
60424777,Jikurou,4819,4819,339,188
1692729847,rqqz,4998,4998,451,247
712664060,ABG FEIN,4998,4998,556,304
1800917374,DwagonLvL,4648,4648,830,404
1452129842,toe beans,4846,4846,228,132
1428009974,NevIsntHere,4750,4750,147,92
972752978,JustBurs,4495,4495,253,134
785149113,moistgooch,4494,4494,333,185
868283663,ByAdel,4661,4661,185,103
320164165,MyRemedy,4846,4846,724,379
135948804,Ṛubi,4937,4937,483,246
1395315665,M700,4887,4887,809,418
1711234458,Bogeyed bob,4834,4834,304,170
349153764,Rz7,4848,4848,579,416
1499663858,CWilly,3916,3916,64,46
1683338245,Tech<3,3757,3757,96,66
1390833626,Kayzh,3000,3000,26,11
1649018202,TheOrangeThief,3259,3259,112,60
1307327562,EXGOTHGF,3000,3000,514,309
2140279995,greataco,3673,3673,435,220
758054637,Blaziken,4966,4966,330,191
1854930252,ChangeOfWeathe,4622,4622,335,183
361601871,Stockbar,4957,4957,346,222
196539459,YZNSA,4969,4969,400,239
1901622923,Waids,4846,4846,544,280
393905740,JustKoyaMan,4364,4364,82,49
40445050,ChungusSuki,4104,4104,226,115
1918166230,cookster01,4838,4838,335,172
1353965381,lucretta,4799,4799,333,174
88623897,Doesntafraid,4565,4565,115,65
92545777,K0REANA1M,4696,4696,207,119
1980989064,Niffe,4495,4495,181,103
319105818,Asadd,4728,4728,242,124
955596818,MOFN,4931,4931,265,153
2095629053,ShadowKnight,4669,4669,89,51
1458523219,Gymical,4819,4819,91,59
95417289,Swatey,4846,4846,134,85
238126503,chazm,4901,4901,172,98
27113112,vram21,4929,4929,86,69
1705189501,Ressero,4886,4886,351,191
232004631,BonClay2,4746,4746,181,97
1591409540,Enjoiable,4777,4777,493,259
150962031,Seedpile,4807,4807,241,136
1008326804,Booski._.,4665,4665,248,135
1254198529,jayra,4781,4781,374,186
358259643,LEAPDRAGLARRY,4789,4789,374,205
1482732268,猪猪哟,4085,4085,70,46
534738765,Jimberlake,4908,4908,99,65
2043204688,whybozo,4809,4809,108,71
485508210,TTVCringeAlarm,5040,5040,370,200
1290008883,deekaddict,5019,5019,292,165
1872399800,zyxv,4890,4890,128,76
773379781,parmajean,4779,4779,116,69
1650918181,zlych,4804,4804,111,71
488677188,buryia1,4814,4814,109,80
1195577684,sarenice,4930,4930,150,95
1390214897,mirrorman,4884,4884,271,173
1125679410,Acub3ns,4832,4832,297,156
1831834605,thatorchiaa,4814,4814,157,113
963370391,_Lore_,3772,3772,474,303
1695876730,Klebi,5002,5002,470,246
1040543637,Vertigone,4827,4827,706,379
1503977336,máskarah,4816,4816,110,97
1318195423,laure,3605,3605,51,34
1669026317,sndblst,4823,4823,169,90
252081131,DinneFan,4969,4969,660,384
402469185,Buggsnobunny,4589,4589,392,208
303396251,TTV Matty_1v9,5003,5003,543,291
658275269,Rav3nloft,4846,4846,410,210
452188231,mahmoud124,4820,4820,258,149
252349232,SwaKingg,4428,4428,207,105
1695759380,romelious,4911,4911,513,263
1506066267,ttv zfmob,4546,4546,331,167
2077280518,prplexity,4630,4630,240,138
1055791874,kissy missy,4518,4518,337,176
1116113026,нeгрут,4821,4821,138,84
286107264,minamiI373,4673,4673,72,46
1256611917,干杯ouo,4903,4903,39,33
285124641,SparksOvO,4817,4817,128,97
482173540,JoltMars,3000,3000,44,25
1132406504,MattDaSnak,3310,3310,27,19
1922916164,wintersgrasp1,3921,3921,66,38
1426543114,Zoka Black,4809,4809,132,74
2074442007,Jayce012,4675,4675,359,200
1607547210,RG LEO,4837,4837,352,212
1564765176,imRikuu,5042,5042,174,106
2012941468,Managarrmr,4926,4926,224,132
917302743,MedicLmao,4855,4855,475,240
1661517262,Dadpools,4790,4790,684,333
298005479,Bonesᅟ,4922,4922,168,92
542705609,уinz,4682,4682,131,79
711290242,thеna,4917,4917,551,287
1718462769,BILIBILIAAAA,4562,4562,46,33
1638699269,AerisTV,4500,4500,106,60
1708170476,meowsterr77,4996,4996,339,184
1551931612,emrusto - LIVE,4731,4731,611,321
145870094,prop,4676,4676,303,144
511470096,dreeka,4820,4820,149,87
212588445,Yahzie,4756,4756,109,68
1940655036,yzziidd,4680,4680,133,69
1252849053,Slxub,3000,3000,27,22
1874587634,gaige,4854,4854,187,105
1634131049,DAVEBLLUNTZ,5059,5059,613,317
749683403,Repeatsx,4797,4797,463,237
647341101,Shiro Oni,4394,4394,293,140
955208854,kzyiq,4444,4444,239,114
1901822932,GodWasReal,4999,4999,472,245
1170494461,Spee,4971,4971,184,114
2138130740,1L0V3L4T1N4S,4988,4988,100,68
1136447277,BackStabBud,4962,4962,263,148
1933873020,Gambitt_,4845,4845,161,90
217489077,KingDerpy,3045,3045,35,22
1625991136,Mekatex,4907,4907,157,92
1033157972,Djuna,4888,4888,112,71
53944944,Heprol,4587,4587,205,108
1423459459,Damijajr,4278,4278,76,37
1715310790,rentB,4712,4712,160,89
1094990248,",uh,",4712,4712,338,179
1701442583,alskjfghh,3000,3000,37,22
1036656274,andywooz 2,4461,4461,193,101
536578375,Kraniel Darn,3578,3578,85,41
242605776,xxThroatGoatxx,3117,3117,129,75
2077269847,VERYLARGEDOG,4928,4928,498,264
1491549820,DaFonk,4298,4298,264,138
67264935,kaim,4881,4881,353,182
2035357985,TwitchMerlin03,4771,4771,679,340
1219266261,ʳᵉᵈCloud,4908,4908,562,293
1999732612,Cемнадцать,4852,4852,97,77
1416868266,SaturnSC,4633,4633,147,93
149697881,Crowding,5011,5011,141,87
385916923,criticalhit,4939,4939,428,272
1295527223,SSSisyphus,4580,4580,61,43
682191587,3.5,5012,5012,423,235
2133226000,Kwuzo,4536,4536,212,144
158591873,キノコ,4503,4503,327,178
756485925,pebok,3795,3795,195,102
994126816,dikinbauss,3755,3755,222,111
2009194471,Enigma888,4520,4520,196,110
1239047971,anri...,,,312,169
1185009886,Swagybaggy,3175,3175,249,127
1352340455,Nervero,4649,4649,454,245
362078326,tinybees,4304,4304,584,330
688670150,Ecero,4216,4216,43,23
540804206,trollwarlord,4760,4760,197,112
850755955,PDetrov diff,4768,4768,202,114
891315077,kalin19,4952,4952,302,162
2023214941,Zeranaux,4820,4820,334,176
1469604895,7m1,4857,4857,427,226
188124345,sepagod,4795,4795,465,238
572668385,ＨａｍBurBer,4831,4831,428,237
500386373,RubenSargasm,4517,4517,99,61
15060202,Zentreya,4075,4075,120,66
237939308,Spartan1,4916,4916,178,105
337845027,IBeNO0,4943,4943,417,228
607500969,mandatom,4932,4932,397,215
1451837170,realm4ce,4675,4675,381,198
288154822,Serath_,4548,4548,60,41
608700876,lor2mg.,4842,4842,107,66
302577367,PachiMika,4715,4715,74,52
750686986,mexonn,4893,4893,400,218
253953177,Parzivalディマ,4811,4811,252,143
966250116,Luckymakky,4686,4686,231,126
899031782,twinkzr,4795,4795,203,112
1783098215,MysteryXx,4343,4343,139,69
977853510,bizzantine,4572,4572,147,75
950672475,the ranger,,,115,62
1160758522,VIPD7OM,,,229,117
225088084,Zown,5031,5031,171,110
2056442459,LucaEnrico,4636,4636,50,36
594604308,IVOXY,4945,4945,227,127
1135775673,lemiix,4812,4812,95,84
1061346139,chillboy57,4463,4463,101,85
1741015505,spy213,4782,4782,280,145
1627961780,LOUDPACKJXCK,4371,4371,75,72
1887941330,.FormaL.,4833,4833,169,102
1843441810,Silvа,4910,4910,373,221
1560527635,Wyifu,5098,5098,387,210
1222797117,NachtOW,4781,4781,175,101
757104868,viver3,,,465,233
521600920,sungjinwoo,4953,4953,383,209
1630491235,Symfuhny,4920,4920,732,367
1030129520,K2a.l,4941,4941,174,102
491328580,Death fv,4953,4953,724,380
271417694,ZexRow,4714,4714,317,164
607130572,Jur3ky_,4867,4867,292,160
1130920967,pøkey2,4791,4791,93,62
1418979144,ewkh,4941,4941,227,127
397573000,chungusbrojoe,4930,4930,243,133
192295519,bennyh,4135,4135,92,45
1763008952,harvyy,4738,4738,109,62
96628110,Alanblitz,4477,4477,286,156
1863194760,Kewwy,4803,4803,202,117
1115738988,NonChispon,4819,4819,252,135
2100697775,DrTepper_,4889,4889,259,140
1689394734,strawman,4207,4207,202,109
1000752621,PERIOD-CLOT,4739,4739,289,153
666452398,Leinahtan,4858,4858,261,138
1543219398,Joshuã,4818,4818,337,183
1841501875,Qubblez,4918,4918,449,229
1660980405,CRO人,4611,4611,339,183
480145334,TRAEagles,4422,4422,269,134
2002773893,Lovely-Bunny,,,20,8
685627195,Blastershadow,3258,3258,56,24
1341099635,Tacoinator,3231,3231,44,20
1580599978,BruhMomentus12,3327,3327,81,41
844523749,WormSquirmy,4872,4872,581,300
979438878,AMATERAS,4511,4511,241,137
470051568,zilerave,3048,3048,105,52
1802316126,Rovm,4648,4648,225,129
182216150,Jerejax,4233,4233,228,125
921471376,JARMES,4654,4654,439,236
1988561851,ovan81,4927,4927,414,241
1120320591,SingleBTW,4819,4819,250,136
1938223535,Leil,,,335,167
1622252850,saintamoto,4963,4963,339,185
374047718,StinkyPoopyDoo,3000,3000,14,10
1736051677,LerMaidMan,3282,3282,27,15
1855602168,John Porkimus,4949,4949,168,104
1585297583,DivineTetsu,3590,3590,99,49
974532247,Runle,4119,4119,92,55
600206247,MaurMaurFloofy,4888,4888,388,209
341865641,livelovedie,4871,4871,503,263
1509597590,Solin.,,,8,3
1212988822,Luamoon,4128,4128,124,62
673796102,sn1pamasta2013,4904,4904,349,186
1498778981,hendriee,4532,4532,189,102
62652681,Roylen,4863,4863,497,295
2028200278,MayaTheSiren,4492,4492,26,19
278406412,Cloud_ss,4537,4537,390,209
1313141401,Prota,4781,4781,109,59
919698942,YahooPerc30,4637,4637,101,62
660061310,Ky-Mari,4614,4614,236,120
430632806,Apple,4500,4500,402,194
1268477357,Drewpy.,3682,3682,310,186
1428643370,AllegedMilk,4753,4753,107,65
309064638,ggg,5002,5002,142,91
1980161364,Chino.-,4807,4807,243,138
345777183,Scylla_,4802,4802,140,85
164733343,not chris bosh,4961,4961,119,84
1086694269,BaldingJeans,4798,4798,150,99
1266851861,darkiphone97,4674,4674,228,128
686673320,Say Kharra,4691,4691,532,264
323941694,TTV-donniehks,4977,4977,399,216
