timestamp,rank,division,population_count
2025-02-02T14:48:34.218480,bronze,1,167187
2025-02-02T16:58:26.674937,bronze,1,167187
2025-02-03T08:58:35.921360,bronze,1,174938
2025-02-02T14:48:34.218480,bronze,2,183849
2025-02-02T16:58:26.674937,bronze,2,183849
2025-02-03T08:58:35.921360,bronze,2,193832
2025-02-02T14:48:34.218480,bronze,3,650355
2025-02-02T16:58:26.674937,bronze,3,650355
2025-02-03T08:58:35.921360,bronze,3,690799
2025-02-02T14:48:34.218480,silver,1,150676
2025-02-02T16:58:26.674937,silver,1,150676
2025-02-03T08:58:35.921360,silver,1,155746
2025-02-02T14:48:34.218480,silver,2,167177
2025-02-02T16:58:26.674937,silver,2,167177
2025-02-03T08:58:35.921360,silver,2,173471
2025-02-02T14:48:34.218480,silver,3,189023
2025-02-02T16:58:26.674937,silver,3,189023
2025-02-03T08:58:35.921360,silver,3,196746
2025-02-02T14:48:34.218480,gold,1,109952
2025-02-02T16:58:26.674937,gold,1,109952
2025-02-03T08:58:35.921360,gold,1,113591
2025-02-02T14:48:34.218480,gold,2,131738
2025-02-02T16:58:26.674937,gold,2,131738
2025-02-03T08:58:35.921360,gold,2,136229
2025-02-02T14:48:34.218480,gold,3,185247
2025-02-02T16:58:26.674937,gold,3,185247
2025-02-03T08:58:35.921360,gold,3,191650
2025-02-02T14:48:34.218480,platinum,1,41891
2025-02-02T16:58:26.674937,platinum,1,41891
2025-02-03T08:58:35.921360,platinum,1,43829
2025-02-02T14:48:34.218480,platinum,2,69547
2025-02-02T16:58:26.674937,platinum,2,69547
2025-02-03T08:58:35.921360,platinum,2,72405
2025-02-02T14:48:34.218480,platinum,3,122029
2025-02-02T16:58:26.674937,platinum,3,122029
2025-02-03T08:58:35.921360,platinum,3,126389
2025-02-02T14:48:34.218480,diamond,1,8745
2025-02-02T16:58:26.674937,diamond,1,8745
2025-02-03T08:58:35.921360,diamond,1,9509
2025-02-02T14:48:34.218480,diamond,2,16159
2025-02-02T16:58:26.674937,diamond,2,16159
2025-02-03T08:58:35.921360,diamond,2,17244
2025-02-02T14:48:34.218480,diamond,3,35838
2025-02-02T16:58:26.674937,diamond,3,35838
2025-02-03T08:58:35.921360,diamond,3,37870
2025-02-02T14:48:34.218480,grandmaster,1,2233
2025-02-02T16:58:26.674937,grandmaster,1,2233
2025-02-03T08:58:35.921360,grandmaster,1,2418
2025-02-02T14:48:34.218480,grandmaster,2,3936
2025-02-02T16:58:26.674937,grandmaster,2,3936
2025-02-03T08:58:35.921360,grandmaster,2,4236
2025-02-02T14:48:34.218480,grandmaster,3,9644
2025-02-02T16:58:26.674937,grandmaster,3,9644
2025-02-03T08:58:35.921360,grandmaster,3,10434
2025-02-02T14:48:34.218480,celestial,1,349
2025-02-02T16:58:26.674937,celestial,1,349
2025-02-03T08:58:35.921360,celestial,1,388
2025-02-02T14:48:34.218480,celestial,2,775
2025-02-02T16:58:26.674937,celestial,2,775
2025-02-03T08:58:35.921360,celestial,2,821
2025-02-02T14:48:34.218480,celestial,3,2077
2025-02-02T16:58:26.674937,celestial,3,2077
2025-02-03T08:58:35.921360,celestial,3,2280
2025-02-02T14:48:34.218480,eternity,total,51
2025-02-02T16:58:26.674937,eternity,total,51
2025-02-03T08:58:35.921360,eternity,total,59
2025-02-02T14:48:34.218480,one_above_all,total,163
2025-02-02T16:58:26.674937,one_above_all,total,163
2025-02-03T08:58:35.921360,one_above_all,total,166
2025-02-03T12:35:50.132758,bronze,1,178353
2025-02-03T12:35:50.132758,bronze,2,198306
2025-02-03T12:35:50.132758,bronze,3,709526
2025-02-03T12:35:50.132758,silver,1,157826
2025-02-03T12:35:50.132758,silver,2,176086
2025-02-03T12:35:50.132758,silver,3,200008
2025-02-03T12:35:50.132758,gold,1,115027
2025-02-03T12:35:50.132758,gold,2,137916
2025-02-03T12:35:50.132758,gold,3,194164
2025-02-03T12:35:50.132758,platinum,1,44561
2025-02-03T12:35:50.132758,platinum,2,73520
2025-02-03T12:35:50.132758,platinum,3,128118
2025-02-03T12:35:50.132758,diamond,1,9870
2025-02-03T12:35:50.132758,diamond,2,17787
2025-02-03T12:35:50.132758,diamond,3,38729
2025-02-03T12:35:50.132758,grandmaster,1,2499
2025-02-03T12:35:50.132758,grandmaster,2,4404
2025-02-03T12:35:50.132758,grandmaster,3,10901
2025-02-03T12:35:50.132758,celestial,1,415
2025-02-03T12:35:50.132758,celestial,2,858
2025-02-03T12:35:50.132758,celestial,3,2393
2025-02-03T12:35:50.132758,eternity,total,59
2025-02-03T12:35:50.132758,one_above_all,total,179
2025-02-03T23:50:33.977410,bronze,1,180144
2025-02-03T23:50:33.977410,bronze,2,200664
2025-02-03T23:50:33.977410,bronze,3,719479
2025-02-03T23:50:33.977410,silver,1,158859
2025-02-03T23:50:33.977410,silver,2,177395
2025-02-03T23:50:33.977410,silver,3,201724
2025-02-03T23:50:33.977410,gold,1,115772
2025-02-03T23:50:33.977410,gold,2,138806
2025-02-03T23:50:33.977410,gold,3,195426
2025-02-03T23:50:33.977410,platinum,1,44965
2025-02-03T23:50:33.977410,platinum,2,74127
2025-02-03T23:50:33.977410,platinum,3,128986
2025-02-03T23:50:33.977410,diamond,1,10072
2025-02-03T23:50:33.977410,diamond,2,18064
2025-02-03T23:50:33.977410,diamond,3,39225
2025-02-03T23:50:33.977410,grandmaster,1,2604
2025-02-03T23:50:33.977410,grandmaster,2,4548
2025-02-03T23:50:33.977410,grandmaster,3,11180
2025-02-03T23:50:33.977410,celestial,1,420
2025-02-03T23:50:33.977410,celestial,2,888
2025-02-03T23:50:33.977410,celestial,3,2439
2025-02-03T23:50:33.977410,eternity,total,69
2025-02-03T23:50:33.977410,one_above_all,total,190
2025-02-04T23:50:42.468683,bronze,1,185121
2025-02-04T23:50:42.468683,bronze,2,207012
2025-02-04T23:50:42.468683,bronze,3,745913
2025-02-04T23:50:42.468683,silver,1,162001
2025-02-04T23:50:42.468683,silver,2,181291
2025-02-04T23:50:42.468683,silver,3,206651
2025-02-04T23:50:42.468683,gold,1,118199
2025-02-04T23:50:42.468683,gold,2,141516
2025-02-04T23:50:42.468683,gold,3,199368
2025-02-04T23:50:42.468683,platinum,1,46277
2025-02-04T23:50:42.468683,platinum,2,76049
2025-02-04T23:50:42.468683,platinum,3,131882
2025-02-04T23:50:42.468683,diamond,1,10707
2025-02-04T23:50:42.468683,diamond,2,19036
2025-02-04T23:50:42.468683,diamond,3,40869
2025-02-04T23:50:42.468683,grandmaster,1,2850
2025-02-04T23:50:42.468683,grandmaster,2,4879
2025-02-04T23:50:42.468683,grandmaster,3,11978
2025-02-04T23:50:42.468683,celestial,1,490
2025-02-04T23:50:42.468683,celestial,2,1008
2025-02-04T23:50:42.468683,celestial,3,2507
2025-02-04T23:50:42.468683,eternity,total,17
2025-02-04T23:50:42.468683,one_above_all,total,330
2025-02-05T12:22:29.906850,bronze,1,192201
2025-02-05T12:22:29.906850,bronze,2,216416
2025-02-05T12:22:29.906850,bronze,3,784832
2025-02-05T12:22:29.906850,silver,1,166970
2025-02-05T12:22:29.906850,silver,2,187452
2025-02-05T12:22:29.906850,silver,3,213991
2025-02-05T12:22:29.906850,gold,1,122064
2025-02-05T12:22:29.906850,gold,2,146029
2025-02-05T12:22:29.906850,gold,3,205852
2025-02-05T12:22:29.906850,platinum,1,48380
2025-02-05T12:22:29.906850,platinum,2,79021
2025-02-05T12:22:29.906850,platinum,3,136617
2025-02-05T12:22:29.906850,diamond,1,11514
2025-02-05T12:22:29.906850,diamond,2,20313
2025-02-05T12:22:29.906850,diamond,3,43071
2025-02-05T12:22:29.906850,grandmaster,1,3104
2025-02-05T12:22:29.906850,grandmaster,2,5348
2025-02-05T12:22:29.906850,grandmaster,3,12964
2025-02-05T12:22:29.906850,celestial,1,573
2025-02-05T12:22:29.906850,celestial,2,1211
2025-02-05T12:22:29.906850,celestial,3,2883
2025-02-05T12:22:29.906850,eternity,total,39
2025-02-05T12:22:29.906850,one_above_all,total,401
2025-02-05T18:16:13.816594,bronze,1,193614
2025-02-05T18:16:13.816594,bronze,2,218224
2025-02-05T18:16:13.816594,bronze,3,791525
2025-02-05T18:16:13.816594,silver,1,168173
2025-02-05T18:16:13.816594,silver,2,188822
2025-02-05T18:16:13.816594,silver,3,215584
2025-02-05T18:16:13.816594,gold,1,123204
2025-02-05T18:16:13.816594,gold,2,147179
2025-02-05T18:16:13.816594,gold,3,207524
2025-02-05T18:16:13.816594,platinum,1,49024
2025-02-05T18:16:13.816594,platinum,2,79944
2025-02-05T18:16:13.816594,platinum,3,137982
2025-02-05T18:16:13.816594,diamond,1,11723
2025-02-05T18:16:13.816594,diamond,2,20706
2025-02-05T18:16:13.816594,diamond,3,43744
2025-02-05T18:16:13.816594,grandmaster,1,3187
2025-02-05T18:16:13.816594,grandmaster,2,5472
2025-02-05T18:16:13.816594,grandmaster,3,13213
2025-02-05T18:16:13.816594,celestial,1,573
2025-02-05T18:16:13.816594,celestial,2,1276
2025-02-05T18:16:13.816594,celestial,3,2990
2025-02-05T18:16:13.816594,eternity,total,79
2025-02-05T18:16:13.816594,one_above_all,total,413
2025-02-06T00:56:22.826781,bronze,1,196065
2025-02-06T00:56:22.826781,bronze,2,221519
2025-02-06T00:56:22.826781,bronze,3,805134
2025-02-06T00:56:22.826781,silver,1,169826
2025-02-06T00:56:22.826781,silver,2,190931
2025-02-06T00:56:22.826781,silver,3,218143
2025-02-06T00:56:22.826781,gold,1,124388
2025-02-06T00:56:22.826781,gold,2,148624
2025-02-06T00:56:22.826781,gold,3,209714
2025-02-06T00:56:22.826781,platinum,1,49664
2025-02-06T00:56:22.826781,platinum,2,80851
2025-02-06T00:56:22.826781,platinum,3,139513
2025-02-06T00:56:22.826781,diamond,1,12056
2025-02-06T00:56:22.826781,diamond,2,21260
2025-02-06T00:56:22.826781,diamond,3,44556
2025-02-06T00:56:22.826781,grandmaster,1,3289
2025-02-06T00:56:22.826781,grandmaster,2,5609
2025-02-06T00:56:22.826781,grandmaster,3,13680
2025-02-06T00:56:22.826781,celestial,1,574
2025-02-06T00:56:22.826781,celestial,2,1317
2025-02-06T00:56:22.826781,celestial,3,3105
2025-02-06T00:56:22.826781,eternity,total,117
2025-02-06T00:56:22.826781,one_above_all,total,396
2025-02-06T06:17:14.408960,bronze,1,196065
2025-02-06T06:17:14.408960,bronze,2,221519
2025-02-06T06:17:14.408960,bronze,3,805134
2025-02-06T06:17:14.408960,silver,1,169826
2025-02-06T06:17:14.408960,silver,2,190931
2025-02-06T06:17:14.408960,silver,3,218143
2025-02-06T06:17:14.408960,gold,1,124388
2025-02-06T06:17:14.408960,gold,2,148624
2025-02-06T06:17:14.408960,gold,3,209714
2025-02-06T06:17:14.408960,platinum,1,49664
2025-02-06T06:17:14.408960,platinum,2,80851
2025-02-06T06:17:14.408960,platinum,3,139513
2025-02-06T06:17:14.408960,diamond,1,12056
2025-02-06T06:17:14.408960,diamond,2,21260
2025-02-06T06:17:14.408960,diamond,3,44556
2025-02-06T06:17:14.408960,grandmaster,1,3289
2025-02-06T06:17:14.408960,grandmaster,2,5609
2025-02-06T06:17:14.408960,grandmaster,3,13680
2025-02-06T06:17:14.408960,celestial,1,574
2025-02-06T06:17:14.408960,celestial,2,1317
2025-02-06T06:17:14.408960,celestial,3,3105
2025-02-06T06:17:14.408960,eternity,total,117
2025-02-06T06:17:14.408960,one_above_all,total,396
2025-02-06T12:22:45.461148,bronze,1,200377
2025-02-06T12:22:45.461148,bronze,2,226966
2025-02-06T12:22:45.461148,bronze,3,826987
2025-02-06T12:22:45.461148,silver,1,172786
2025-02-06T12:22:45.461148,silver,2,194534
2025-02-06T12:22:45.461148,silver,3,222370
2025-02-06T12:22:45.461148,gold,1,126754
2025-02-06T12:22:45.461148,gold,2,151359
2025-02-06T12:22:45.461148,gold,3,213596
2025-02-06T12:22:45.461148,platinum,1,51001
2025-02-06T12:22:45.461148,platinum,2,82773
2025-02-06T12:22:45.461148,platinum,3,142566
2025-02-06T12:22:45.461148,diamond,1,12527
2025-02-06T12:22:45.461148,diamond,2,22006
2025-02-06T12:22:45.461148,diamond,3,45902
2025-02-06T12:22:45.461148,grandmaster,1,3441
2025-02-06T12:22:45.461148,grandmaster,2,5796
2025-02-06T12:22:45.461148,grandmaster,3,14163
2025-02-06T12:22:45.461148,celestial,1,618
2025-02-06T12:22:45.461148,celestial,2,1323
2025-02-06T12:22:45.461148,celestial,3,3240
2025-02-06T12:22:45.461148,eternity,total,64
2025-02-06T12:22:45.461148,one_above_all,total,480
2025-02-06T18:16:05.301424,bronze,1,201131
2025-02-06T18:16:05.301424,bronze,2,227893
2025-02-06T18:16:05.301424,bronze,3,830892
2025-02-06T18:16:05.301424,silver,1,173264
2025-02-06T18:16:05.301424,silver,2,195138
2025-02-06T18:16:05.301424,silver,3,223049
2025-02-06T18:16:05.301424,gold,1,127093
2025-02-06T18:16:05.301424,gold,2,151776
2025-02-06T18:16:05.301424,gold,3,214208
2025-02-06T18:16:05.301424,platinum,1,51159
2025-02-06T18:16:05.301424,platinum,2,83058
2025-02-06T18:16:05.301424,platinum,3,142994
2025-02-06T18:16:05.301424,diamond,1,12585
2025-02-06T18:16:05.301424,diamond,2,22134
2025-02-06T18:16:05.301424,diamond,3,46091
2025-02-06T18:16:05.301424,grandmaster,1,3450
2025-02-06T18:16:05.301424,grandmaster,2,5830
2025-02-06T18:16:05.301424,grandmaster,3,14252
2025-02-06T18:16:05.301424,celestial,1,622
2025-02-06T18:16:05.301424,celestial,2,1326
2025-02-06T18:16:05.301424,celestial,3,3253
2025-02-06T18:16:05.301424,eternity,total,66
2025-02-06T18:16:05.301424,one_above_all,total,478
2025-02-07T00:56:42.575153,bronze,1,204653
2025-02-07T00:56:42.575153,bronze,2,232354
2025-02-07T00:56:42.575153,bronze,3,848697
2025-02-07T00:56:42.575153,silver,1,175947
2025-02-07T00:56:42.575153,silver,2,198206
2025-02-07T00:56:42.575153,silver,3,226848
2025-02-07T00:56:42.575153,gold,1,129198
2025-02-07T00:56:42.575153,gold,2,154212
2025-02-07T00:56:42.575153,gold,3,217661
2025-02-07T00:56:42.575153,platinum,1,52240
2025-02-07T00:56:42.575153,platinum,2,84746
2025-02-07T00:56:42.575153,platinum,3,145614
2025-02-07T00:56:42.575153,diamond,1,12952
2025-02-07T00:56:42.575153,diamond,2,22704
2025-02-07T00:56:42.575153,diamond,3,47243
2025-02-07T00:56:42.575153,grandmaster,1,3550
2025-02-07T00:56:42.575153,grandmaster,2,5994
2025-02-07T00:56:42.575153,grandmaster,3,14656
2025-02-07T00:56:42.575153,celestial,1,636
2025-02-07T00:56:42.575153,celestial,2,1368
2025-02-07T00:56:42.575153,celestial,3,3309
2025-02-07T00:56:42.575153,eternity,total,80
2025-02-07T00:56:42.575153,one_above_all,total,462
2025-02-07T06:17:03.743584,bronze,1,204653
2025-02-07T06:17:03.743584,bronze,2,232354
2025-02-07T06:17:03.743584,bronze,3,848697
2025-02-07T06:17:03.743584,silver,1,175947
2025-02-07T06:17:03.743584,silver,2,198206
2025-02-07T06:17:03.743584,silver,3,226848
2025-02-07T06:17:03.743584,gold,1,129198
2025-02-07T06:17:03.743584,gold,2,154212
2025-02-07T06:17:03.743584,gold,3,217661
2025-02-07T06:17:03.743584,platinum,1,52240
2025-02-07T06:17:03.743584,platinum,2,84746
2025-02-07T06:17:03.743584,platinum,3,145614
2025-02-07T06:17:03.743584,diamond,1,12952
2025-02-07T06:17:03.743584,diamond,2,22704
2025-02-07T06:17:03.743584,diamond,3,47243
2025-02-07T06:17:03.743584,grandmaster,1,3550
2025-02-07T06:17:03.743584,grandmaster,2,5994
2025-02-07T06:17:03.743584,grandmaster,3,14656
2025-02-07T06:17:03.743584,celestial,1,636
2025-02-07T06:17:03.743584,celestial,2,1368
2025-02-07T06:17:03.743584,celestial,3,3309
2025-02-07T06:17:03.743584,eternity,total,80
2025-02-07T06:17:03.743584,one_above_all,total,462
2025-02-07T12:21:46.502458,bronze,1,210447
2025-02-07T12:21:46.502458,bronze,2,240094
2025-02-07T12:21:46.502458,bronze,3,880938
2025-02-07T12:21:46.502458,silver,1,179897
2025-02-07T12:21:46.502458,silver,2,202994
2025-02-07T12:21:46.502458,silver,3,232736
2025-02-07T12:21:46.502458,gold,1,132059
2025-02-07T12:21:46.502458,gold,2,157642
2025-02-07T12:21:46.502458,gold,3,222670
2025-02-07T12:21:46.502458,platinum,1,53793
2025-02-07T12:21:46.502458,platinum,2,86944
2025-02-07T12:21:46.502458,platinum,3,149028
2025-02-07T12:21:46.502458,diamond,1,13379
2025-02-07T12:21:46.502458,diamond,2,23507
2025-02-07T12:21:46.502458,diamond,3,48685
2025-02-07T12:21:46.502458,grandmaster,1,3651
2025-02-07T12:21:46.502458,grandmaster,2,6198
2025-02-07T12:21:46.502458,grandmaster,3,15238
2025-02-07T12:21:46.502458,celestial,1,688
2025-02-07T12:21:46.502458,celestial,2,1395
2025-02-07T12:21:46.502458,celestial,3,3460
2025-02-07T12:21:46.502458,eternity,total,132
2025-02-07T12:21:46.502458,one_above_all,total,488
2025-02-07T18:15:57.552507,bronze,1,216663
2025-02-07T18:15:57.552507,bronze,2,248086
2025-02-07T18:15:57.552507,bronze,3,915462
2025-02-07T18:15:57.552507,silver,1,183763
2025-02-07T18:15:57.552507,silver,2,207828
2025-02-07T18:15:57.552507,silver,3,238741
2025-02-07T18:15:57.552507,gold,1,134638
2025-02-07T18:15:57.552507,gold,2,160954
2025-02-07T18:15:57.552507,gold,3,227338
2025-02-07T18:15:57.552507,platinum,1,55067
2025-02-07T18:15:57.552507,platinum,2,88891
2025-02-07T18:15:57.552507,platinum,3,152177
2025-02-07T18:15:57.552507,diamond,1,13756
2025-02-07T18:15:57.552507,diamond,2,24133
2025-02-07T18:15:57.552507,diamond,3,49959
2025-02-07T18:15:57.552507,grandmaster,1,3704
2025-02-07T18:15:57.552507,grandmaster,2,6378
2025-02-07T18:15:57.552507,grandmaster,3,15686
2025-02-07T18:15:57.552507,celestial,1,688
2025-02-07T18:15:57.552507,celestial,2,1435
2025-02-07T18:15:57.552507,celestial,3,3560
2025-02-07T18:15:57.552507,eternity,total,153
2025-02-07T18:15:57.552507,one_above_all,total,482
2025-02-08T00:54:42.284086,bronze,1,221830
2025-02-08T00:54:42.284086,bronze,2,255140
2025-02-08T00:54:42.284086,bronze,3,946564
2025-02-08T00:54:42.284086,silver,1,186872
2025-02-08T00:54:42.284086,silver,2,211759
2025-02-08T00:54:42.284086,silver,3,243832
2025-02-08T00:54:42.284086,gold,1,136605
2025-02-08T00:54:42.284086,gold,2,163504
2025-02-08T00:54:42.284086,gold,3,231181
2025-02-08T00:54:42.284086,platinum,1,56085
2025-02-08T00:54:42.284086,platinum,2,90344
2025-02-08T00:54:42.284086,platinum,3,154754
2025-02-08T00:54:42.284086,diamond,1,14067
2025-02-08T00:54:42.284086,diamond,2,24677
2025-02-08T00:54:42.284086,diamond,3,50993
2025-02-08T00:54:42.284086,grandmaster,1,3833
2025-02-08T00:54:42.284086,grandmaster,2,6544
2025-02-08T00:54:42.284086,grandmaster,3,16129
2025-02-08T00:54:42.284086,celestial,1,707
2025-02-08T00:54:42.284086,celestial,2,1460
2025-02-08T00:54:42.284086,celestial,3,3682
2025-02-08T00:54:42.284086,eternity,total,188
2025-02-08T00:54:42.284086,one_above_all,total,469
2025-02-08T06:14:36.054328,bronze,1,221830
2025-02-08T06:14:36.054328,bronze,2,255140
2025-02-08T06:14:36.054328,bronze,3,946564
2025-02-08T06:14:36.054328,silver,1,186872
2025-02-08T06:14:36.054328,silver,2,211759
2025-02-08T06:14:36.054328,silver,3,243832
2025-02-08T06:14:36.054328,gold,1,136605
2025-02-08T06:14:36.054328,gold,2,163504
2025-02-08T06:14:36.054328,gold,3,231181
2025-02-08T06:14:36.054328,platinum,1,56085
2025-02-08T06:14:36.054328,platinum,2,90344
2025-02-08T06:14:36.054328,platinum,3,154754
2025-02-08T06:14:36.054328,diamond,1,14067
2025-02-08T06:14:36.054328,diamond,2,24677
2025-02-08T06:14:36.054328,diamond,3,50993
2025-02-08T06:14:36.054328,grandmaster,1,3833
2025-02-08T06:14:36.054328,grandmaster,2,6544
2025-02-08T06:14:36.054328,grandmaster,3,16129
2025-02-08T06:14:36.054328,celestial,1,707
2025-02-08T06:14:36.054328,celestial,2,1460
2025-02-08T06:14:36.054328,celestial,3,3682
2025-02-08T06:14:36.054328,eternity,total,188
2025-02-08T06:14:36.054328,one_above_all,total,469
2025-02-08T12:19:48.390287,bronze,1,226442
2025-02-08T12:19:48.390287,bronze,2,261593
2025-02-08T12:19:48.390287,bronze,3,975779
2025-02-08T12:19:48.390287,silver,1,189645
2025-02-08T12:19:48.390287,silver,2,215317
2025-02-08T12:19:48.390287,silver,3,248352
2025-02-08T12:19:48.390287,gold,1,138346
2025-02-08T12:19:48.390287,gold,2,165686
2025-02-08T12:19:48.390287,gold,3,234493
2025-02-08T12:19:48.390287,platinum,1,56910
2025-02-08T12:19:48.390287,platinum,2,91656
2025-02-08T12:19:48.390287,platinum,3,156787
2025-02-08T12:19:48.390287,diamond,1,14497
2025-02-08T12:19:48.390287,diamond,2,25163
2025-02-08T12:19:48.390287,diamond,3,51912
2025-02-08T12:19:48.390287,grandmaster,1,3960
2025-02-08T12:19:48.390287,grandmaster,2,6753
2025-02-08T12:19:48.390287,grandmaster,3,16595
2025-02-08T12:19:48.390287,celestial,1,721
2025-02-08T12:19:48.390287,celestial,2,1477
2025-02-08T12:19:48.390287,celestial,3,3843
2025-02-08T12:19:48.390287,eternity,total,180
2025-02-08T12:19:48.390287,one_above_all,total,519
2025-02-08T19:46:38.766589,bronze,1,229823
2025-02-08T19:46:38.766589,bronze,2,266490
2025-02-08T19:46:38.766589,bronze,3,998536
2025-02-08T19:46:38.766589,silver,1,191530
2025-02-08T19:46:38.766589,silver,2,217705
2025-02-08T19:46:38.766589,silver,3,251487
2025-02-08T19:46:38.766589,gold,1,139928
2025-02-08T19:46:38.766589,gold,2,167389
2025-02-08T19:46:38.766589,gold,3,237031
2025-02-08T19:46:38.766589,platinum,1,58464
2025-02-08T19:46:38.766589,platinum,2,93488
2025-02-08T19:46:38.766589,platinum,3,159164
2025-02-08T19:46:38.766589,diamond,1,15519
2025-02-08T19:46:38.766589,diamond,2,26559
2025-02-08T19:46:38.766589,diamond,3,54004
2025-02-08T19:46:38.766589,grandmaster,1,4265
2025-02-08T19:46:38.766589,grandmaster,2,7358
2025-02-08T19:46:38.766589,grandmaster,3,18015
2025-02-08T19:46:38.766589,celestial,1,741
2025-02-08T19:46:38.766589,celestial,2,1567
2025-02-08T19:46:38.766589,celestial,3,4081
2025-02-08T19:46:38.766589,eternity,total,211
2025-02-08T19:46:38.766589,one_above_all,total,506
2025-02-09T00:59:18.529342,bronze,1,233343
2025-02-09T00:59:18.529342,bronze,2,271534
2025-02-09T00:59:18.529342,bronze,3,1020544
2025-02-09T00:59:18.529342,silver,1,193559
2025-02-09T00:59:18.529342,silver,2,220300
2025-02-09T00:59:18.529342,silver,3,254890
2025-02-09T00:59:18.529342,gold,1,141229
2025-02-09T00:59:18.529342,gold,2,169005
2025-02-09T00:59:18.529342,gold,3,239384
2025-02-09T00:59:18.529342,platinum,1,59153
2025-02-09T00:59:18.529342,platinum,2,94532
2025-02-09T00:59:18.529342,platinum,3,160743
2025-02-09T00:59:18.529342,diamond,1,15812
2025-02-09T00:59:18.529342,diamond,2,26977
2025-02-09T00:59:18.529342,diamond,3,54825
2025-02-09T00:59:18.529342,grandmaster,1,4403
2025-02-09T00:59:18.529342,grandmaster,2,7549
2025-02-09T00:59:18.529342,grandmaster,3,18381
2025-02-09T00:59:18.529342,celestial,1,769
2025-02-09T00:59:18.529342,celestial,2,1591
2025-02-09T00:59:18.529342,celestial,3,4169
2025-02-09T00:59:18.529342,eternity,total,246
2025-02-09T00:59:18.529342,one_above_all,total,498
2025-02-09T06:15:12.924014,bronze,1,233343
2025-02-09T06:15:12.924014,bronze,2,271534
2025-02-09T06:15:12.924014,bronze,3,1020544
2025-02-09T06:15:12.924014,silver,1,193559
2025-02-09T06:15:12.924014,silver,2,220300
2025-02-09T06:15:12.924014,silver,3,254890
2025-02-09T06:15:12.924014,gold,1,141229
2025-02-09T06:15:12.924014,gold,2,169005
2025-02-09T06:15:12.924014,gold,3,239384
2025-02-09T06:15:12.924014,platinum,1,59153
2025-02-09T06:15:12.924014,platinum,2,94532
2025-02-09T06:15:12.924014,platinum,3,160743
2025-02-09T06:15:12.924014,diamond,1,15812
2025-02-09T06:15:12.924014,diamond,2,26977
2025-02-09T06:15:12.924014,diamond,3,54825
2025-02-09T06:15:12.924014,grandmaster,1,4403
2025-02-09T06:15:12.924014,grandmaster,2,7549
2025-02-09T06:15:12.924014,grandmaster,3,18381
2025-02-09T06:15:12.924014,celestial,1,769
2025-02-09T06:15:12.924014,celestial,2,1591
2025-02-09T06:15:12.924014,celestial,3,4169
2025-02-09T06:15:12.924014,eternity,total,246
2025-02-09T06:15:12.924014,one_above_all,total,498
2025-02-09T12:19:47.462345,bronze,1,236977
2025-02-09T12:19:47.462345,bronze,2,276688
2025-02-09T12:19:47.462345,bronze,3,1043216
2025-02-09T12:19:47.462345,silver,1,195728
2025-02-09T12:19:47.462345,silver,2,222907
2025-02-09T12:19:47.462345,silver,3,258296
2025-02-09T12:19:47.462345,gold,1,142687
2025-02-09T12:19:47.462345,gold,2,170748
2025-02-09T12:19:47.462345,gold,3,241885
2025-02-09T12:19:47.462345,platinum,1,60149
2025-02-09T12:19:47.462345,platinum,2,95789
2025-02-09T12:19:47.462345,platinum,3,162527
2025-02-09T12:19:47.462345,diamond,1,16274
2025-02-09T12:19:47.462345,diamond,2,27632
2025-02-09T12:19:47.462345,diamond,3,55875
2025-02-09T12:19:47.462345,grandmaster,1,4528
2025-02-09T12:19:47.462345,grandmaster,2,7813
2025-02-09T12:19:47.462345,grandmaster,3,18955
2025-02-09T12:19:47.462345,celestial,1,798
2025-02-09T12:19:47.462345,celestial,2,1628
2025-02-09T12:19:47.462345,celestial,3,4321
2025-02-09T12:19:47.462345,eternity,total,282
2025-02-09T12:19:47.462345,one_above_all,total,506
2025-02-09T18:14:12.307642,bronze,1,237693
2025-02-09T18:14:12.307642,bronze,2,277617
2025-02-09T18:14:12.307642,bronze,3,1047069
2025-02-09T18:14:12.307642,silver,1,196195
2025-02-09T18:14:12.307642,silver,2,223513
2025-02-09T18:14:12.307642,silver,3,259011
2025-02-09T18:14:12.307642,gold,1,143075
2025-02-09T18:14:12.307642,gold,2,171216
2025-02-09T18:14:12.307642,gold,3,242572
2025-02-09T18:14:12.307642,platinum,1,60478
2025-02-09T18:14:12.307642,platinum,2,96192
2025-02-09T18:14:12.307642,platinum,3,163130
2025-02-09T18:14:12.307642,diamond,1,16470
2025-02-09T18:14:12.307642,diamond,2,27937
2025-02-09T18:14:12.307642,diamond,3,56252
2025-02-09T18:14:12.307642,grandmaster,1,4616
2025-02-09T18:14:12.307642,grandmaster,2,7947
2025-02-09T18:14:12.307642,grandmaster,3,19262
2025-02-09T18:14:12.307642,celestial,1,813
2025-02-09T18:14:12.307642,celestial,2,1652
2025-02-09T18:14:12.307642,celestial,3,4411
2025-02-09T18:14:12.307642,eternity,total,310
2025-02-09T18:14:12.307642,one_above_all,total,498
2025-02-10T00:57:20.332925,bronze,1,238743
2025-02-10T00:57:20.332925,bronze,2,279063
2025-02-10T00:57:20.332925,bronze,3,1052928
2025-02-10T00:57:20.332925,silver,1,196970
2025-02-10T00:57:20.332925,silver,2,224410
2025-02-10T00:57:20.332925,silver,3,260156
2025-02-10T00:57:20.332925,gold,1,143657
2025-02-10T00:57:20.332925,gold,2,171839
2025-02-10T00:57:20.332925,gold,3,243498
2025-02-10T00:57:20.332925,platinum,1,60939
2025-02-10T00:57:20.332925,platinum,2,96847
2025-02-10T00:57:20.332925,platinum,3,163955
2025-02-10T00:57:20.332925,diamond,1,16778
2025-02-10T00:57:20.332925,diamond,2,28364
2025-02-10T00:57:20.332925,diamond,3,56920
2025-02-10T00:57:20.332925,grandmaster,1,4711
2025-02-10T00:57:20.332925,grandmaster,2,8123
2025-02-10T00:57:20.332925,grandmaster,3,19733
2025-02-10T00:57:20.332925,celestial,1,832
2025-02-10T00:57:20.332925,celestial,2,1690
2025-02-10T00:57:20.332925,celestial,3,4530
2025-02-10T00:57:20.332925,eternity,total,342
2025-02-10T00:57:20.332925,one_above_all,total,493
2025-02-10T06:17:27.736103,bronze,1,238743
2025-02-10T06:17:27.736103,bronze,2,279063
2025-02-10T06:17:27.736103,bronze,3,1052928
2025-02-10T06:17:27.736103,silver,1,196970
2025-02-10T06:17:27.736103,silver,2,224410
2025-02-10T06:17:27.736103,silver,3,260156
2025-02-10T06:17:27.736103,gold,1,143657
2025-02-10T06:17:27.736103,gold,2,171839
2025-02-10T06:17:27.736103,gold,3,243498
2025-02-10T06:17:27.736103,platinum,1,60939
2025-02-10T06:17:27.736103,platinum,2,96847
2025-02-10T06:17:27.736103,platinum,3,163955
2025-02-10T06:17:27.736103,diamond,1,16778
2025-02-10T06:17:27.736103,diamond,2,28364
2025-02-10T06:17:27.736103,diamond,3,56920
2025-02-10T06:17:27.736103,grandmaster,1,4711
2025-02-10T06:17:27.736103,grandmaster,2,8123
2025-02-10T06:17:27.736103,grandmaster,3,19733
2025-02-10T06:17:27.736103,celestial,1,832
2025-02-10T06:17:27.736103,celestial,2,1690
2025-02-10T06:17:27.736103,celestial,3,4530
2025-02-10T06:17:27.736103,eternity,total,342
2025-02-10T06:17:27.736103,one_above_all,total,493
2025-02-10T12:22:39.729070,bronze,1,240742
2025-02-10T12:22:39.729070,bronze,2,281805
2025-02-10T12:22:39.729070,bronze,3,1065088
2025-02-10T12:22:39.729070,silver,1,198227
2025-02-10T12:22:39.729070,silver,2,225962
2025-02-10T12:22:39.729070,silver,3,262071
2025-02-10T12:22:39.729070,gold,1,144570
2025-02-10T12:22:39.729070,gold,2,172895
2025-02-10T12:22:39.729070,gold,3,245049
2025-02-10T12:22:39.729070,platinum,1,61716
2025-02-10T12:22:39.729070,platinum,2,97799
2025-02-10T12:22:39.729070,platinum,3,165265
2025-02-10T12:22:39.729070,diamond,1,17228
2025-02-10T12:22:39.729070,diamond,2,28964
2025-02-10T12:22:39.729070,diamond,3,57885
2025-02-10T12:22:39.729070,grandmaster,1,4851
2025-02-10T12:22:39.729070,grandmaster,2,8325
2025-02-10T12:22:39.729070,grandmaster,3,20303
2025-02-10T12:22:39.729070,celestial,1,843
2025-02-10T12:22:39.729070,celestial,2,1724
2025-02-10T12:22:39.729070,celestial,3,4631
2025-02-10T12:22:39.729070,eternity,total,375
2025-02-10T12:22:39.729070,one_above_all,total,519
2025-02-10T18:16:23.657143,bronze,1,242184
2025-02-10T18:16:23.657143,bronze,2,283758
2025-02-10T18:16:23.657143,bronze,3,1073499
2025-02-10T18:16:23.657143,silver,1,199091
2025-02-10T18:16:23.657143,silver,2,227099
2025-02-10T18:16:23.657143,silver,3,263472
2025-02-10T18:16:23.657143,gold,1,145279
2025-02-10T18:16:23.657143,gold,2,173745
2025-02-10T18:16:23.657143,gold,3,246165
2025-02-10T18:16:23.657143,platinum,1,62305
2025-02-10T18:16:23.657143,platinum,2,98538
2025-02-10T18:16:23.657143,platinum,3,166259
2025-02-10T18:16:23.657143,diamond,1,17509
2025-02-10T18:16:23.657143,diamond,2,29377
2025-02-10T18:16:23.657143,diamond,3,58559
2025-02-10T18:16:23.657143,grandmaster,1,4972
2025-02-10T18:16:23.657143,grandmaster,2,8460
2025-02-10T18:16:23.657143,grandmaster,3,20683
2025-02-10T18:16:23.657143,celestial,1,850
2025-02-10T18:16:23.657143,celestial,2,1764
2025-02-10T18:16:23.657143,celestial,3,4766
2025-02-10T18:16:23.657143,eternity,total,392
2025-02-10T18:16:23.657143,one_above_all,total,516
2025-02-11T00:56:10.785814,bronze,1,243767
2025-02-11T00:56:10.785814,bronze,2,285880
2025-02-11T00:56:10.785814,bronze,3,1082985
2025-02-11T00:56:10.785814,silver,1,200144
2025-02-11T00:56:10.785814,silver,2,228326
2025-02-11T00:56:10.785814,silver,3,265058
2025-02-11T00:56:10.785814,gold,1,146094
2025-02-11T00:56:10.785814,gold,2,174613
2025-02-11T00:56:10.785814,gold,3,247499
2025-02-11T00:56:10.785814,platinum,1,62953
2025-02-11T00:56:10.785814,platinum,2,99249
2025-02-11T00:56:10.785814,platinum,3,167350
2025-02-11T00:56:10.785814,diamond,1,17899
2025-02-11T00:56:10.785814,diamond,2,29949
2025-02-11T00:56:10.785814,diamond,3,59256
2025-02-11T00:56:10.785814,grandmaster,1,5134
2025-02-11T00:56:10.785814,grandmaster,2,8719
2025-02-11T00:56:10.785814,grandmaster,3,21199
2025-02-11T00:56:10.785814,celestial,1,872
2025-02-11T00:56:10.785814,celestial,2,1807
2025-02-11T00:56:10.785814,celestial,3,4934
2025-02-11T00:56:10.785814,eternity,total,405
2025-02-11T00:56:10.785814,one_above_all,total,515
2025-02-11T06:16:56.358680,bronze,1,243767
2025-02-11T06:16:56.358680,bronze,2,285880
2025-02-11T06:16:56.358680,bronze,3,1082985
2025-02-11T06:16:56.358680,silver,1,200144
2025-02-11T06:16:56.358680,silver,2,228326
2025-02-11T06:16:56.358680,silver,3,265058
2025-02-11T06:16:56.358680,gold,1,146094
2025-02-11T06:16:56.358680,gold,2,174613
2025-02-11T06:16:56.358680,gold,3,247499
2025-02-11T06:16:56.358680,platinum,1,62953
2025-02-11T06:16:56.358680,platinum,2,99249
2025-02-11T06:16:56.358680,platinum,3,167350
2025-02-11T06:16:56.358680,diamond,1,17899
2025-02-11T06:16:56.358680,diamond,2,29949
2025-02-11T06:16:56.358680,diamond,3,59256
2025-02-11T06:16:56.358680,grandmaster,1,5134
2025-02-11T06:16:56.358680,grandmaster,2,8719
2025-02-11T06:16:56.358680,grandmaster,3,21199
2025-02-11T06:16:56.358680,celestial,1,872
2025-02-11T06:16:56.358680,celestial,2,1807
2025-02-11T06:16:56.358680,celestial,3,4934
2025-02-11T06:16:56.358680,eternity,total,405
2025-02-11T06:16:56.358680,one_above_all,total,515
2025-02-11T15:01:48.782969,bronze,1,245164
2025-02-11T15:01:48.782969,bronze,2,287923
2025-02-11T15:01:48.782969,bronze,3,1091467
2025-02-11T15:01:48.782969,silver,1,201070
2025-02-11T15:01:48.782969,silver,2,229488
2025-02-11T15:01:48.782969,silver,3,266449
2025-02-11T15:01:48.782969,gold,1,146743
2025-02-11T15:01:48.782969,gold,2,175466
2025-02-11T15:01:48.782969,gold,3,248731
2025-02-11T15:01:48.782969,platinum,1,63392
2025-02-11T15:01:48.782969,platinum,2,99861
2025-02-11T15:01:48.782969,platinum,3,168229
2025-02-11T15:01:48.782969,diamond,1,18130
2025-02-11T15:01:48.782969,diamond,2,30271
2025-02-11T15:01:48.782969,diamond,3,59796
2025-02-11T15:01:48.782969,grandmaster,1,5281
2025-02-11T15:01:48.782969,grandmaster,2,8858
2025-02-11T15:01:48.782969,grandmaster,3,21508
2025-02-11T15:01:48.782969,celestial,1,880
2025-02-11T15:01:48.782969,celestial,2,1840
2025-02-11T15:01:48.782969,celestial,3,4926
2025-02-11T15:01:48.782969,eternity,total,414
2025-02-11T15:01:48.782969,one_above_all,total,533
2025-02-11T18:14:31.473935,bronze,1,245348
2025-02-11T18:14:31.473935,bronze,2,288152
2025-02-11T18:14:31.473935,bronze,3,1092644
2025-02-11T18:14:31.473935,silver,1,201143
2025-02-11T18:14:31.473935,silver,2,229605
2025-02-11T18:14:31.473935,silver,3,266580
2025-02-11T18:14:31.473935,gold,1,146822
2025-02-11T18:14:31.473935,gold,2,175565
2025-02-11T18:14:31.473935,gold,3,248896
2025-02-11T18:14:31.473935,platinum,1,63501
2025-02-11T18:14:31.473935,platinum,2,99972
2025-02-11T18:14:31.473935,platinum,3,168388
2025-02-11T18:14:31.473935,diamond,1,18238
2025-02-11T18:14:31.473935,diamond,2,30440
2025-02-11T18:14:31.473935,diamond,3,60008
2025-02-11T18:14:31.473935,grandmaster,1,5328
2025-02-11T18:14:31.473935,grandmaster,2,8948
2025-02-11T18:14:31.473935,grandmaster,3,21713
2025-02-11T18:14:31.473935,celestial,1,893
2025-02-11T18:14:31.473935,celestial,2,1861
2025-02-11T18:14:31.473935,celestial,3,5018
2025-02-11T18:14:31.473935,eternity,total,420
2025-02-11T18:14:31.473935,one_above_all,total,531
2025-02-12T00:56:31.554962,bronze,1,245436
2025-02-12T00:56:31.554962,bronze,2,288277
2025-02-12T00:56:31.554962,bronze,3,1093175
2025-02-12T00:56:31.554962,silver,1,201181
2025-02-12T00:56:31.554962,silver,2,229650
2025-02-12T00:56:31.554962,silver,3,266653
2025-02-12T00:56:31.554962,gold,1,146865
2025-02-12T00:56:31.554962,gold,2,175615
2025-02-12T00:56:31.554962,gold,3,248979
2025-02-12T00:56:31.554962,platinum,1,63614
2025-02-12T00:56:31.554962,platinum,2,100099
2025-02-12T00:56:31.554962,platinum,3,168497
2025-02-12T00:56:31.554962,diamond,1,18502
2025-02-12T00:56:31.554962,diamond,2,30684
2025-02-12T00:56:31.554962,diamond,3,60256
2025-02-12T00:56:31.554962,grandmaster,1,5438
2025-02-12T00:56:31.554962,grandmaster,2,9136
2025-02-12T00:56:31.554962,grandmaster,3,22053
2025-02-12T00:56:31.554962,celestial,1,911
2025-02-12T00:56:31.554962,celestial,2,1911
2025-02-12T00:56:31.554962,celestial,3,5178
2025-02-12T00:56:31.554962,eternity,total,445
2025-02-12T00:56:31.554962,one_above_all,total,528
2025-02-12T06:17:07.421491,bronze,1,245436
2025-02-12T06:17:07.421491,bronze,2,288277
2025-02-12T06:17:07.421491,bronze,3,1093175
2025-02-12T06:17:07.421491,silver,1,201181
2025-02-12T06:17:07.421491,silver,2,229650
2025-02-12T06:17:07.421491,silver,3,266653
2025-02-12T06:17:07.421491,gold,1,146865
2025-02-12T06:17:07.421491,gold,2,175615
2025-02-12T06:17:07.421491,gold,3,248979
2025-02-12T06:17:07.421491,platinum,1,63614
2025-02-12T06:17:07.421491,platinum,2,100099
2025-02-12T06:17:07.421491,platinum,3,168497
2025-02-12T06:17:07.421491,diamond,1,18502
2025-02-12T06:17:07.421491,diamond,2,30684
2025-02-12T06:17:07.421491,diamond,3,60256
2025-02-12T06:17:07.421491,grandmaster,1,5438
2025-02-12T06:17:07.421491,grandmaster,2,9136
2025-02-12T06:17:07.421491,grandmaster,3,22053
2025-02-12T06:17:07.421491,celestial,1,911
2025-02-12T06:17:07.421491,celestial,2,1911
2025-02-12T06:17:07.421491,celestial,3,5178
2025-02-12T06:17:07.421491,eternity,total,445
2025-02-12T06:17:07.421491,one_above_all,total,528
2025-02-12T12:22:31.801384,bronze,1,245413
2025-02-12T12:22:31.801384,bronze,2,288268
2025-02-12T12:22:31.801384,bronze,3,1093215
2025-02-12T12:22:31.801384,silver,1,201125
2025-02-12T12:22:31.801384,silver,2,229612
2025-02-12T12:22:31.801384,silver,3,266628
2025-02-12T12:22:31.801384,gold,1,146808
2025-02-12T12:22:31.801384,gold,2,175577
2025-02-12T12:22:31.801384,gold,3,248935
2025-02-12T12:22:31.801384,platinum,1,63676
2025-02-12T12:22:31.801384,platinum,2,100130
2025-02-12T12:22:31.801384,platinum,3,168467
2025-02-12T12:22:31.801384,diamond,1,18694
2025-02-12T12:22:31.801384,diamond,2,30933
2025-02-12T12:22:31.801384,diamond,3,60501
2025-02-12T12:22:31.801384,grandmaster,1,5589
2025-02-12T12:22:31.801384,grandmaster,2,9316
2025-02-12T12:22:31.801384,grandmaster,3,22512
2025-02-12T12:22:31.801384,celestial,1,928
2025-02-12T12:22:31.801384,celestial,2,1958
2025-02-12T12:22:31.801384,celestial,3,5301
2025-02-12T12:22:31.801384,eternity,total,465
2025-02-12T12:22:31.801384,one_above_all,total,536
